SaleDate,ProductID,WarehouseID,UnitsSold,Revenue
2024-12-24,P131,W2,11,6039
2024-08-14,P147,W8,34,16014
2025-01-18,P169,W5,29,11194
2025-11-03,P162,W9,10,6930
2025-04-22,P140,W3,44,55396
2025-08-26,P193,W8,28,38584
2024-02-18,P158,W4,8,984
2024-11-27,P197,W3,7,9499
2025-01-18,P156,W5,34,55046
2024-09-20,P126,W1,4,2276
2025-01-12,P123,W3,12,16668
2024-06-01,P171,W1,48,28464
2024-03-02,P137,W10,43,102082
2025-11-16,P143,W5,31,69626
2025-06-23,P130,W10,13,29224
2024-11-12,P103,W3,36,25236
2025-06-07,P149,W7,9,4221
2024-03-07,P148,W1,24,30264
2024-09-21,P198,W7,47,67586
2024-12-18,P109,W5,9,3411
2024-02-23,P145,W10,12,25284
2025-11-21,P177,W1,13,1508
2025-10-05,P116,W2,35,61600
2025-01-22,P111,W3,20,7980
2024-09-20,P162,W5,22,44682
2025-03-20,P141,W1,40,55040
2024-02-06,P136,W4,21,51513
2025-04-01,P102,W10,9,22194
2025-06-03,P178,W3,12,17340
2024-09-29,P191,W8,3,6291
2025-11-13,P153,W10,10,16160
2024-05-12,P112,W9,5,2650
2025-07-31,P194,W9,3,2247
2024-06-03,P130,W1,31,17453
2025-04-08,P180,W1,35,62790
2024-02-25,P162,W10,41,89175
2025-09-20,P197,W7,22,3014
2025-02-21,P181,W4,20,38940
2025-12-25,P172,W3,47,81451
2025-04-29,P196,W2,24,40776
2024-08-09,P134,W3,35,62405
2025-07-13,P151,W9,14,16338
2025-07-23,P134,W8,17,31110
2024-11-07,P176,W2,17,35615
2024-05-30,P172,W1,38,80028
2025-01-05,P150,W2,24,36000
2025-04-24,P147,W5,7,2380
2024-04-23,P124,W6,16,22912
2024-08-11,P190,W6,37,83583
2025-05-21,P144,W7,20,32560
2025-11-18,P133,W8,28,27524
2025-09-29,P126,W9,25,62400
2024-09-29,P197,W7,37,13172
2024-06-01,P169,W4,35,66605
2025-03-12,P114,W3,18,22140
2024-03-18,P105,W8,45,91620
2024-04-11,P111,W3,32,19680
2024-05-15,P191,W6,33,30657
2025-10-04,P103,W2,16,8464
2024-04-13,P162,W3,42,24780
2024-08-23,P103,W5,33,67617
2025-02-23,P129,W5,36,20700
2024-11-07,P147,W2,17,40239
2025-08-12,P179,W8,3,4665
2024-12-01,P117,W6,9,17685
2024-04-03,P186,W10,28,7896
2024-07-03,P174,W2,8,8800
2025-04-11,P117,W9,21,15855
2024-10-06,P123,W7,47,101097
2025-01-16,P172,W3,27,30267
2025-04-04,P143,W9,20,42500
2024-11-28,P180,W6,44,79596
2025-01-16,P149,W2,6,9540
2025-11-01,P155,W1,18,43578
2025-04-25,P120,W1,49,57673
2024-06-07,P139,W10,9,5868
2024-10-29,P190,W5,18,17478
2025-01-13,P170,W6,40,13200
2024-05-09,P138,W5,33,24882
2025-06-04,P150,W8,29,58348
2025-09-13,P161,W1,7,7602
2025-12-20,P104,W10,13,14014
2025-01-12,P195,W3,3,1929
2025-04-03,P125,W5,43,41581
2025-08-14,P104,W4,45,7830
2024-04-11,P154,W7,11,17732
2024-01-26,P144,W9,42,9828
2024-10-07,P135,W10,28,13160
2024-07-03,P151,W2,48,70608
2025-06-10,P146,W1,49,113239
2024-06-17,P151,W4,23,28727
2024-04-20,P176,W5,8,11328
2024-09-17,P197,W3,48,113760
2024-08-19,P149,W2,38,4940
2024-11-25,P191,W3,13,13988
2024-07-10,P184,W2,25,61600
2024-08-18,P105,W3,42,31626
2024-06-13,P150,W6,16,36320
2025-05-05,P113,W2,12,6240
2025-05-22,P190,W5,31,76942
2025-05-01,P178,W1,32,55616
2025-07-20,P132,W5,34,16218
2024-04-05,P130,W3,2,4878
2024-04-12,P127,W2,44,108240
2024-12-04,P109,W9,39,7683
2025-04-10,P171,W10,41,6888
2024-09-02,P168,W7,13,11180
2025-03-29,P169,W8,29,66961
2024-06-04,P151,W10,20,33440
2025-04-17,P140,W3,3,2268
2025-10-23,P140,W5,34,77894
2025-07-09,P146,W5,35,10780
2025-12-30,P166,W1,10,2660
2025-08-11,P183,W4,2,3246
2025-10-08,P110,W8,38,44726
2024-01-10,P107,W5,6,14394
2025-05-11,P188,W7,31,62465
2025-01-11,P110,W3,36,43164
2025-12-06,P193,W7,8,18432
2025-05-10,P178,W4,26,32058
2025-11-03,P144,W1,45,35955
2025-07-08,P181,W5,44,13640
2024-04-10,P135,W4,20,24800
2025-02-14,P146,W4,33,45243
2025-05-12,P142,W5,47,82673
2024-06-05,P160,W9,39,74373
2024-11-08,P161,W6,38,35834
2025-03-16,P182,W1,18,15156
2025-01-13,P150,W1,33,34023
2024-02-11,P127,W5,41,29848
2025-07-23,P115,W7,23,21988
2024-10-08,P176,W4,42,5544
2024-12-06,P182,W9,38,4180
2025-04-07,P100,W5,39,36348
2024-04-17,P150,W1,15,36345
2025-11-03,P115,W1,23,20746
2024-12-07,P169,W3,2,4990
2025-09-01,P135,W8,43,37023
2025-09-30,P113,W2,13,18434
2024-06-10,P150,W1,46,31694
2025-02-01,P164,W5,37,12950
2025-05-17,P188,W10,26,62790
2024-07-24,P177,W8,7,4529
2024-10-30,P173,W1,14,15512
2024-06-16,P159,W4,10,2000
2024-11-28,P107,W10,29,14239
2024-05-27,P165,W3,25,22825
2025-04-19,P141,W4,48,31200
2025-05-10,P179,W4,30,13860
2024-10-01,P182,W3,33,19701
2024-12-30,P127,W8,43,10062
2024-07-07,P124,W3,21,4788
2024-08-07,P192,W8,1,1435
2025-06-19,P185,W5,32,73024
2024-12-14,P134,W10,41,83312
2025-02-18,P173,W6,28,33208
2024-03-06,P119,W3,31,17360
2025-07-15,P149,W7,5,6940
2024-03-01,P160,W6,49,75852
2024-05-11,P135,W10,12,21252
2025-06-24,P125,W1,9,6822
2024-09-05,P147,W3,16,15856
2025-11-12,P127,W4,25,6100
2025-09-22,P185,W1,19,8892
2025-03-16,P148,W6,16,3024
2025-07-29,P113,W4,5,5675
2024-11-06,P174,W7,30,18330
2025-02-05,P200,W10,7,4599
2024-02-08,P100,W10,7,3654
2024-01-26,P149,W5,22,40150
2025-08-27,P144,W7,45,9090
2024-11-29,P185,W6,27,22518
2025-05-10,P198,W2,23,21183
2024-06-11,P192,W7,12,21012
2024-07-23,P103,W6,24,13920
2024-01-28,P120,W8,14,25256
2024-09-14,P169,W1,17,36006
2024-05-20,P123,W1,32,6496
2024-12-28,P173,W4,32,56384
2024-11-13,P132,W1,35,80675
2025-08-25,P164,W4,30,40410
2025-11-23,P138,W9,46,61962
2025-11-05,P176,W5,18,24588
2025-08-01,P180,W8,14,24360
2025-03-15,P100,W4,28,36344
2025-12-27,P187,W3,46,57316
2025-05-19,P144,W5,31,50716
2025-12-29,P117,W6,35,41545
2024-09-23,P164,W9,5,2195
2025-05-08,P155,W7,28,68404
2025-08-30,P133,W10,48,45168
2024-04-10,P133,W8,27,40689
2025-03-30,P167,W4,33,26169
2025-06-23,P193,W1,32,71328
2024-12-17,P136,W8,33,81741
2025-12-20,P196,W4,7,4970
2025-05-03,P136,W6,49,8183
2025-04-22,P102,W1,14,2142
2024-02-01,P102,W5,35,83020
2024-09-12,P188,W4,23,27991
2025-11-02,P127,W1,36,18756
2025-11-24,P152,W2,20,35040
2025-06-22,P157,W1,39,35412
2024-10-26,P142,W7,2,1842
2024-02-04,P148,W8,36,51984
2024-01-17,P148,W7,48,23184
2024-09-18,P143,W8,42,10920
2024-02-16,P139,W4,39,64896
2025-06-06,P104,W2,10,9460
2024-04-27,P152,W8,32,42016
2025-07-02,P146,W4,14,4172
2025-03-30,P119,W4,31,32426
2025-11-22,P192,W2,36,40860
2025-04-28,P123,W5,11,3421
2025-04-14,P121,W3,38,21926
2025-05-08,P182,W1,21,8715
2025-11-11,P129,W2,3,1074
2025-08-02,P132,W4,43,73014
2024-01-04,P191,W2,35,24045
2025-02-23,P194,W2,33,45144
2025-11-18,P161,W1,5,9795
2025-09-15,P162,W2,29,57304
2024-08-23,P168,W6,35,70000
2024-01-05,P173,W9,40,68360
2025-01-25,P178,W7,28,46648
2024-04-10,P152,W2,39,40326
2024-04-10,P160,W4,12,13572
2025-11-16,P150,W4,9,20700
2025-01-15,P113,W3,9,19440
2024-06-23,P160,W1,4,2132
2024-12-17,P190,W4,4,5168
2025-01-04,P129,W1,31,71548
2024-03-13,P196,W3,44,108680
2024-11-05,P155,W1,36,72432
2025-07-09,P161,W7,34,42126
2024-11-25,P110,W7,37,59829
2024-12-28,P149,W4,4,6012
2024-02-09,P147,W1,34,71536
2024-02-11,P105,W2,40,98440
2025-12-20,P128,W4,15,6420
2024-04-07,P127,W8,48,41424
2024-11-06,P177,W10,29,52461
2025-08-26,P177,W7,45,95220
2025-11-18,P110,W5,12,22740
2025-01-07,P175,W10,18,24372
2024-04-05,P189,W9,43,81356
2024-11-17,P108,W6,9,10440
2025-02-24,P145,W4,12,20232
2024-06-28,P100,W3,18,6786
2025-04-18,P169,W2,30,53130
2025-09-19,P179,W5,5,7755
2025-04-06,P145,W9,20,28660
2025-12-25,P121,W1,18,14850
2024-10-18,P120,W6,49,35182
2025-08-06,P126,W7,35,86065
2024-02-05,P113,W10,42,26964
2024-10-20,P111,W5,23,50370
2025-03-24,P118,W6,10,23770
2025-02-05,P121,W4,10,7500
2025-06-26,P197,W6,39,48867
2025-11-16,P134,W9,30,27570
2024-03-07,P143,W8,22,11726
2024-10-10,P146,W9,28,34664
2025-10-10,P189,W10,28,12600
2024-02-24,P151,W3,49,31605
2025-09-30,P200,W2,27,63720
2024-06-23,P152,W1,41,92496
2025-10-22,P123,W6,5,2135
2025-04-24,P166,W4,38,17898
2024-06-11,P157,W8,46,59478
2025-01-22,P147,W2,12,15216
2024-06-19,P129,W5,33,61182
2024-11-24,P133,W8,30,32040
2025-06-27,P186,W5,47,47564
2025-07-19,P160,W3,33,20988
2025-07-20,P190,W9,38,65664
2024-04-22,P158,W9,29,30769
2024-12-23,P176,W5,47,12502
2024-02-02,P126,W6,41,30586
2025-10-24,P162,W6,35,41895
2024-08-02,P182,W5,32,58464
2024-11-24,P183,W4,2,4508
2024-09-04,P174,W9,19,12559
2024-01-14,P165,W6,15,17730
2024-05-21,P156,W8,10,8010
2025-04-19,P128,W1,11,21142
2025-07-25,P171,W10,48,10176
2025-04-09,P187,W8,42,22134
2024-04-03,P174,W6,42,22260
2024-07-15,P191,W6,45,101160
2025-11-12,P111,W10,28,58884
2024-10-03,P194,W1,49,88690
2024-04-05,P170,W3,15,8220
2025-04-23,P191,W4,41,73349
2024-03-18,P188,W2,39,37362
2024-07-03,P113,W3,8,8992
2025-05-03,P119,W10,14,11228
2024-10-23,P138,W9,19,42560
2024-09-05,P105,W9,35,52675
2025-12-29,P129,W8,28,19572
2025-09-27,P141,W3,9,5166
2024-06-15,P165,W3,3,4950
2024-10-24,P109,W4,39,91065
2025-12-03,P112,W1,47,9588
2024-02-17,P109,W6,33,62634
2025-01-21,P142,W2,39,92859
2024-06-13,P140,W5,35,19355
2025-10-25,P181,W3,4,8388
2025-10-24,P158,W2,19,44536
2025-09-24,P160,W1,39,83889
2024-06-26,P191,W5,45,47475
2024-06-17,P160,W2,21,14805
2024-08-12,P180,W3,8,13376
2025-01-24,P146,W5,42,35196
2024-09-12,P169,W8,31,15562
2025-03-29,P121,W10,23,13869
2024-12-04,P126,W3,11,19822
2024-03-03,P100,W6,3,3777
2025-02-07,P119,W10,6,7398
2025-11-07,P171,W7,15,19770
2024-10-17,P185,W3,2,1774
2024-06-18,P190,W3,3,1071
2024-05-24,P182,W2,19,7467
2024-12-14,P182,W10,42,4578
2025-08-22,P158,W2,15,24030
2025-03-04,P184,W3,35,82460
2025-04-13,P128,W6,45,51345
2024-08-21,P148,W10,4,2632
2025-04-08,P102,W5,6,7350
2024-01-03,P159,W6,2,4766
2024-09-02,P108,W7,3,2904
2025-01-17,P176,W9,45,58365
2024-09-23,P106,W4,49,64092
2025-12-26,P138,W2,47,41031
2024-10-14,P177,W5,7,9961
2024-03-21,P151,W3,1,1073
2024-03-23,P195,W9,45,55395
2025-07-07,P194,W2,40,59840
2025-08-02,P168,W1,37,8177
2024-08-07,P173,W1,47,63873
2025-03-06,P177,W8,2,682
2025-05-20,P139,W9,16,30960
2024-06-20,P171,W10,6,7764
2024-06-27,P136,W5,12,17496
2024-11-04,P167,W10,31,69564
2025-02-02,P188,W4,33,16797
2024-01-22,P167,W10,39,36231
2025-07-25,P136,W5,14,29834
2024-08-13,P193,W7,29,71804
2024-01-07,P135,W10,23,12696
2025-07-14,P170,W10,6,6876
2024-12-10,P154,W1,36,34056
2025-01-31,P156,W1,39,56316
2024-07-16,P167,W7,22,23540
2025-10-03,P127,W6,11,16621
2024-04-28,P153,W9,49,54733
2025-05-09,P154,W7,13,7605
2024-03-16,P127,W9,34,77996
2025-06-05,P136,W4,30,56310
2025-08-11,P148,W10,6,13020
2025-08-28,P193,W6,8,12824
2024-08-10,P131,W6,24,31248
2025-06-01,P162,W10,47,47423
2025-11-28,P103,W6,24,51456
2025-06-12,P191,W5,32,13760
2024-10-27,P116,W2,14,3332
2025-07-12,P155,W5,22,16038
2024-01-22,P197,W1,1,2175
2024-04-07,P190,W6,5,3890
2024-07-09,P174,W9,47,96209
2025-04-01,P190,W2,26,64298
2025-01-18,P197,W2,32,59584
2024-08-18,P123,W3,5,10975
2025-09-24,P173,W4,5,10285
2025-01-20,P102,W9,26,55250
2024-05-07,P173,W7,36,77112
2025-03-11,P123,W10,43,36937
2025-03-06,P156,W10,18,19404
2024-07-24,P188,W7,15,35640
2025-05-10,P128,W3,17,24633
2024-06-05,P103,W6,47,36754
2025-10-04,P134,W7,20,27880
2025-08-25,P181,W2,19,16948
2024-07-15,P136,W9,12,24960
2025-06-19,P182,W5,49,46305
2025-12-17,P130,W9,24,38712
2025-02-13,P125,W9,45,65070
2024-10-08,P173,W9,27,4131
2024-04-01,P190,W2,31,19530
2025-09-06,P191,W5,20,34760
2025-05-08,P139,W6,17,34544
2024-06-07,P198,W4,1,2245
2024-09-03,P124,W8,9,17739
2025-03-22,P105,W8,4,3164
2025-07-16,P137,W6,38,12692
2025-07-07,P161,W1,24,20472
2025-05-20,P104,W9,30,54480
2025-05-05,P131,W7,25,2975
2025-08-11,P173,W10,26,30082
2024-05-14,P168,W9,30,11190
2025-06-24,P128,W7,37,87024
2024-02-09,P174,W2,12,7908
2024-09-04,P183,W2,14,30660
2025-10-03,P181,W10,10,14890
2024-07-22,P184,W8,10,8260
2024-05-06,P190,W10,47,100110
2025-06-03,P108,W4,6,5766
2024-10-05,P110,W9,31,24552
2024-11-01,P105,W2,47,26837
2024-05-09,P121,W8,23,36754
2024-05-21,P125,W4,25,45900
2024-12-06,P101,W10,16,14016
2025-11-15,P155,W2,29,20097
2025-11-15,P100,W6,40,41360
2025-04-25,P119,W8,43,15265
2024-08-27,P155,W10,23,43585
2025-02-01,P188,W2,35,14665
2025-07-02,P126,W4,7,17248
2024-09-23,P128,W1,48,40512
2025-10-14,P134,W3,15,2940
2024-03-14,P149,W6,35,5740
2025-01-24,P152,W3,1,645
2024-03-14,P196,W1,10,10780
2025-03-27,P151,W9,2,4998
2024-04-14,P141,W10,34,23290
2025-09-25,P117,W2,24,30696
2024-01-10,P110,W6,41,57523
2024-12-01,P142,W1,23,9936
2024-09-22,P173,W8,20,8660
2025-01-19,P145,W4,25,5675
2025-07-31,P101,W2,46,52900
2025-08-25,P123,W9,6,6738
2024-07-05,P117,W1,14,18018
2025-12-05,P143,W10,43,66779
2025-11-13,P192,W3,18,20250
2024-03-03,P169,W10,38,27284
2025-02-28,P150,W5,27,37746
2024-06-09,P178,W2,10,12170
2024-12-24,P197,W8,43,90472
2025-02-27,P129,W8,23,35075
2025-09-07,P144,W1,47,16638
2024-01-16,P189,W6,39,56433
2025-12-13,P119,W4,18,25380
2025-06-05,P128,W6,35,42315
2024-08-07,P122,W7,44,16632
2025-10-02,P192,W1,38,48412
2025-08-11,P129,W7,20,4780
2025-06-19,P187,W4,15,23580
2025-09-27,P165,W1,46,110354
2025-05-04,P115,W5,22,19844
2025-09-15,P159,W1,31,21266
2025-06-03,P140,W3,8,5000
2025-02-11,P194,W4,35,52080
2024-06-01,P165,W6,35,45150
2024-07-28,P158,W2,46,76958
2024-03-05,P151,W1,49,102704
2025-06-15,P140,W9,22,41756
2025-09-01,P152,W7,24,3456
2024-03-10,P134,W4,39,87711
2024-02-20,P122,W2,36,10548
2025-07-21,P190,W10,26,49634
2025-11-26,P101,W7,45,80685
2025-01-29,P158,W3,47,33276
2024-12-28,P102,W8,26,23452
2024-01-19,P148,W2,11,26059
2025-07-30,P179,W8,10,18730
2025-09-02,P168,W7,43,28165
2024-06-29,P158,W2,29,16298
2024-10-07,P103,W5,32,20000
2024-02-22,P116,W8,39,59007
2024-07-12,P155,W3,24,28248
2024-12-25,P176,W5,10,23810
2024-01-24,P123,W5,4,5280
2024-08-22,P162,W7,33,43494
2024-03-24,P149,W10,8,7352
2024-05-03,P132,W1,43,13889
2025-07-22,P126,W3,28,19096
2024-11-20,P195,W5,43,82173
2024-03-20,P140,W2,43,78131
2024-07-06,P122,W3,24,43296
2025-05-26,P105,W6,3,2019
2024-08-08,P181,W9,44,59708
2024-08-20,P151,W3,42,55524
2025-08-17,P142,W9,33,53823
2024-11-14,P154,W6,17,29036
2024-02-09,P113,W5,21,46095
2025-10-12,P147,W8,20,28680
2025-03-23,P114,W9,5,2800
2024-01-11,P108,W2,46,31694
2025-10-17,P158,W2,28,51128
2024-09-26,P177,W7,15,35445
2024-11-02,P110,W10,5,1655
2024-12-22,P136,W5,25,10450
2025-09-10,P121,W8,17,20927
2025-02-21,P174,W6,2,2386
2025-10-15,P172,W9,17,31688
2025-04-08,P139,W6,21,39711
2025-04-25,P100,W2,42,66780
2025-01-23,P123,W1,15,13335
2025-04-08,P132,W4,12,7824
2024-09-08,P126,W1,47,33323
2024-06-10,P107,W6,41,44321
2025-09-03,P116,W3,20,19920
2025-11-21,P193,W10,46,71990
2024-07-13,P106,W6,2,2236
2024-04-08,P118,W2,38,25346
2024-06-07,P111,W7,27,66366
2025-03-28,P148,W6,15,25350
2024-03-31,P190,W7,7,10472
2024-02-19,P175,W3,16,37248
2025-07-03,P184,W9,18,17316
2025-03-18,P183,W3,40,52880
2025-10-27,P144,W8,11,19558
2024-05-23,P199,W6,31,19344
2025-07-22,P147,W2,14,13090
2025-08-04,P126,W8,18,16236
2025-10-08,P130,W2,22,44748
2025-07-15,P120,W6,8,18760
2025-04-12,P105,W4,40,39200
2024-01-18,P178,W1,32,78784
2025-05-03,P108,W4,43,26402
2024-07-14,P101,W5,18,8226
2024-03-31,P157,W9,9,945
2025-11-08,P171,W4,34,55182
2024-01-31,P126,W4,33,43791
2024-04-30,P118,W2,18,5580
2025-08-07,P151,W6,23,40227
2024-12-19,P131,W10,31,51119
2024-05-02,P154,W6,27,35397
2024-04-17,P167,W9,46,69690
2024-04-12,P188,W6,25,32600
2024-10-07,P154,W10,17,32385
2024-06-06,P169,W2,31,35557
2025-05-19,P100,W8,35,6930
2024-10-01,P103,W10,4,5776
2025-01-04,P116,W9,45,112275
2025-01-01,P102,W10,35,65730
2025-05-21,P170,W10,29,47763
2025-04-08,P112,W2,41,35137
2025-05-03,P195,W5,15,12360
2025-10-24,P190,W8,13,7618
2025-05-11,P176,W9,18,22752
2024-06-15,P174,W9,15,18015
2025-05-01,P162,W1,26,20748
2024-08-27,P149,W4,35,19250
2024-09-29,P107,W4,45,77265
2025-11-13,P159,W2,34,37468
2025-09-07,P113,W5,39,44538
2024-08-20,P100,W10,24,56568
2025-10-25,P136,W10,34,84320
2024-04-16,P115,W8,14,26292
2024-11-17,P171,W6,7,5026
2024-01-30,P151,W10,4,6672
2024-08-02,P174,W5,38,41458
2024-10-22,P183,W2,7,805
2024-05-01,P176,W1,39,53235
2024-05-15,P117,W9,11,10879
2025-06-10,P197,W5,37,64380
2024-01-31,P192,W7,13,9165
2025-03-08,P110,W2,10,15350
2025-07-14,P114,W10,48,24192
2025-07-17,P152,W5,43,79507
2024-07-25,P111,W1,3,3708
2025-10-26,P191,W8,32,60832
2024-02-23,P169,W3,40,8160
2025-07-12,P153,W1,11,9328
2025-05-20,P108,W5,29,59247
2024-05-20,P136,W7,11,14894
2025-03-19,P145,W5,34,4522
2024-07-02,P169,W6,12,3684
2024-03-18,P136,W9,25,41125
2024-10-13,P115,W1,22,54780
2024-04-06,P118,W5,14,23730
2024-02-27,P165,W4,45,75150
2024-08-04,P128,W8,44,91344
2024-11-01,P160,W6,43,18490
2024-09-02,P187,W3,45,28575
2024-07-14,P124,W9,43,84237
2024-11-02,P128,W5,45,92610
2024-08-31,P126,W4,21,51156
2024-10-20,P121,W1,23,30682
2025-07-21,P168,W10,34,16932
2024-05-07,P103,W5,14,30254
2025-09-10,P151,W7,17,24021
2024-05-27,P200,W8,21,11676
2025-10-11,P112,W10,9,9045
2025-11-03,P112,W1,35,55650
2024-07-02,P153,W2,26,52234
2024-07-07,P103,W9,49,16170
2025-07-12,P171,W10,1,1214
2025-08-09,P175,W3,19,32053
2024-04-30,P120,W8,33,15939
2024-11-09,P100,W8,13,29432
2024-04-11,P196,W9,20,18160
2025-10-22,P134,W6,25,8850
2025-06-24,P162,W9,15,30255
2025-07-17,P125,W2,3,2880
2025-10-29,P106,W3,9,1755
2024-10-24,P186,W2,45,65430
2024-06-06,P134,W6,20,35040
2025-07-27,P189,W5,10,11080
2025-01-24,P182,W6,41,12341
2025-04-08,P141,W6,12,3252
2025-05-17,P199,W10,48,42288
2024-06-02,P166,W5,29,9918
2025-06-12,P161,W5,13,9425
2025-04-11,P151,W4,43,53578
2024-08-03,P176,W2,30,25770
2025-01-19,P155,W4,18,19962
2025-08-03,P159,W1,8,14472
2025-03-18,P176,W10,2,3756
2024-06-01,P181,W9,44,104236
2024-11-30,P155,W4,4,9756
2024-08-26,P151,W1,38,94734
2024-09-21,P126,W3,36,42768
2025-02-25,P180,W2,27,14202
2025-05-09,P156,W6,30,52260
2025-04-01,P118,W3,49,72177
2024-02-18,P192,W10,10,24350
2025-03-28,P171,W1,2,2226
2025-06-01,P159,W4,12,24480
2024-02-16,P152,W7,42,26208
2025-03-30,P129,W5,5,6100
2025-12-28,P190,W2,32,47840
2024-06-10,P146,W6,4,5512
2024-02-08,P144,W4,29,3770
2025-02-05,P122,W7,46,98026
2025-03-15,P185,W8,10,10500
2025-08-27,P126,W9,10,21700
2024-05-06,P175,W7,32,74656
2025-01-29,P129,W4,21,8337
2024-05-15,P197,W5,27,53271
2024-06-14,P106,W6,28,42924
2025-11-12,P133,W5,12,21936
2024-08-23,P163,W5,29,17864
2024-03-10,P174,W8,7,12747
2025-04-29,P190,W3,40,68440
2024-06-17,P197,W3,21,45423
2025-12-04,P197,W1,41,23124
2025-08-05,P167,W8,31,50065
2024-11-21,P142,W8,42,42546
2025-01-28,P163,W9,4,6608
2025-06-28,P151,W10,36,18648
2024-03-15,P150,W1,26,62530
2025-09-03,P124,W9,31,72230
2024-01-08,P161,W8,5,10615
2024-01-14,P141,W4,20,8080
2024-11-15,P130,W9,45,39780
2025-06-21,P193,W1,5,8110
2025-08-21,P156,W8,7,15064
2025-07-03,P127,W7,26,35932
2025-09-01,P125,W8,42,4620
2024-06-11,P150,W1,25,61200
2024-05-17,P130,W3,13,18733
2024-07-01,P189,W10,23,7820
2024-08-30,P178,W8,18,40068
2024-10-18,P111,W3,31,43493
2025-02-15,P130,W7,31,58683
2024-03-12,P148,W6,48,80736
2024-12-21,P103,W9,11,16665
2024-03-07,P107,W5,25,60850
2025-04-22,P182,W8,26,64558
2024-02-03,P174,W7,23,21459
2024-12-12,P115,W8,24,30000
2024-10-24,P100,W2,37,41551
2024-03-28,P150,W4,39,12714
2025-11-28,P189,W2,10,18910
2025-04-24,P113,W4,47,115150
2025-03-28,P172,W10,31,11625
2025-04-09,P142,W4,44,65472
2025-01-16,P158,W2,21,9387
2024-03-04,P124,W6,20,42040
2025-10-22,P196,W9,25,32025
2024-01-31,P106,W10,17,16388
2024-11-11,P162,W6,17,25823
2025-08-21,P108,W8,8,19840
2024-07-19,P118,W6,14,31794
2024-04-27,P138,W9,5,6635
2024-06-19,P101,W8,47,6909
2025-07-18,P124,W8,15,16845
2025-09-20,P166,W1,47,45355
2025-07-15,P142,W3,48,82272
2025-06-30,P175,W10,44,19580
2024-08-06,P101,W5,27,3996
2025-12-03,P120,W2,6,4374
2025-04-18,P135,W2,42,67872
2024-01-14,P141,W5,32,44672
2024-10-18,P193,W5,7,6643
2024-08-20,P140,W6,30,61080
2024-07-15,P100,W10,40,52120
2024-09-05,P123,W8,32,5088
2025-02-06,P152,W10,15,34380
2024-05-14,P194,W1,48,82992
2025-08-24,P199,W6,24,23184
2024-02-05,P127,W6,35,8295
2024-03-22,P161,W2,27,64692
2025-10-15,P108,W1,43,23650
2025-02-20,P182,W6,22,43428
2024-01-14,P109,W2,49,19894
2025-06-23,P127,W1,45,50445
2024-06-28,P139,W8,20,8400
2024-09-21,P146,W2,24,59280
2024-05-19,P193,W3,19,33554
2024-01-23,P130,W5,18,37404
2025-11-15,P146,W4,15,4110
2024-11-22,P171,W9,2,2784
2025-01-04,P179,W9,29,20242
2024-10-17,P146,W9,37,42957
2024-02-25,P173,W8,6,9648
2024-06-24,P132,W1,8,11680
2024-05-31,P166,W1,9,1998
2025-09-18,P176,W5,15,5310
2024-01-03,P133,W5,21,46032
2025-10-06,P135,W2,18,17190
2025-02-10,P165,W5,26,59618
2025-02-27,P116,W6,3,2727
2024-08-27,P199,W1,34,37604
2025-01-04,P191,W3,37,75591
2024-08-09,P108,W4,46,6486
2024-11-25,P134,W8,49,82271
2024-02-23,P173,W3,48,74352
2025-01-01,P170,W2,17,8194
2025-11-26,P157,W10,17,5100
2025-12-11,P154,W9,41,22468
2024-02-13,P173,W8,45,83745
2025-07-05,P124,W6,37,52059
2024-05-02,P120,W4,33,33891
2025-01-20,P177,W7,1,603
2024-03-13,P198,W3,4,2000
2024-02-19,P155,W5,26,14742
2024-01-09,P164,W10,44,75680
2025-05-30,P123,W4,10,5390
2025-02-02,P119,W4,16,27888
2024-05-12,P114,W9,1,1969
2025-01-01,P145,W9,33,36498
2025-03-22,P200,W3,7,10759
2024-01-26,P130,W7,16,35664
2024-10-29,P130,W10,19,16872
2024-01-26,P196,W9,2,3414
2025-07-21,P134,W3,31,32054
2025-02-26,P165,W7,11,3146
2024-10-12,P189,W5,10,17910
2025-04-21,P186,W2,6,14436
2025-02-19,P105,W9,44,30448
2025-11-10,P200,W2,6,5154
2025-11-22,P158,W2,30,3420
2024-08-25,P172,W5,1,854
2025-10-11,P138,W2,33,68013
2025-04-19,P172,W1,33,62304
2025-11-19,P176,W10,49,67669
2025-08-16,P199,W2,20,19700
2025-06-14,P175,W8,6,10842
2025-07-23,P190,W3,29,10324
2025-12-22,P189,W8,36,13608
2024-09-12,P135,W5,30,70740
2024-02-24,P114,W8,8,9800
2025-06-11,P105,W9,39,57135
2025-01-28,P182,W10,28,5656
2025-09-17,P160,W4,40,97720
2024-06-17,P167,W1,20,45560
2024-02-23,P104,W2,29,6177
2025-04-12,P180,W5,22,45870
2025-09-24,P101,W1,13,6097
2024-11-23,P164,W10,18,26262
2024-04-27,P181,W8,35,46165
2025-03-21,P128,W6,17,34323
2025-01-28,P130,W7,10,1660
2025-06-09,P137,W9,27,34641
2024-07-23,P126,W4,34,18428
2025-10-12,P169,W9,37,72853
2025-11-24,P173,W5,15,9030
2024-09-15,P156,W2,38,18772
2024-06-25,P154,W1,23,41791
2024-03-30,P181,W9,14,2268
2024-11-06,P150,W4,33,22044
2024-10-24,P181,W7,41,40016
2024-01-05,P121,W7,9,4653
2025-09-04,P143,W10,27,35964
2024-11-11,P106,W6,2,844
2024-01-24,P133,W9,43,102727
2024-10-11,P199,W9,27,28350
2024-09-09,P102,W5,46,104098
2024-08-18,P100,W9,23,14467
2024-08-25,P129,W8,18,33948
2025-12-30,P155,W5,46,22080
2025-10-14,P178,W7,39,66846
2024-02-16,P178,W4,48,44256
2024-12-03,P146,W9,34,70176
2025-07-22,P163,W9,40,94360
2025-06-17,P132,W2,49,73010
2024-10-26,P124,W4,31,5766
2025-03-08,P200,W6,26,27456
2025-08-16,P143,W4,46,77832
2025-03-24,P118,W6,33,76428
2024-07-07,P106,W10,9,1008
2025-02-12,P168,W9,2,2310
2025-04-28,P125,W7,7,2457
2025-02-25,P195,W7,46,24150
2024-06-25,P145,W6,5,7400
2025-05-15,P100,W10,7,4837
2024-10-07,P145,W5,44,50732
2024-09-21,P131,W7,35,70560
2024-04-13,P182,W5,38,21280
2025-03-27,P192,W5,36,64332
2024-03-11,P179,W5,24,10440
2024-10-05,P199,W7,9,22203
2024-11-07,P130,W2,33,5841
2025-03-05,P179,W5,23,2645
2025-11-03,P156,W2,26,64480
2024-04-15,P161,W2,36,66528
2024-05-29,P104,W6,23,29141
2024-02-01,P137,W10,15,8670
2024-08-15,P187,W1,32,76000
2024-03-12,P174,W2,7,17143
2024-07-07,P102,W8,25,34175
2025-02-21,P157,W7,38,8816
2025-06-16,P124,W5,28,32256
2024-05-02,P194,W2,17,28730
2025-04-22,P141,W10,26,35776
2025-09-02,P122,W9,33,60093
2024-02-09,P103,W7,14,25088
2025-10-25,P161,W5,46,53222
2025-09-08,P117,W5,39,63687
2024-02-21,P174,W10,7,9072
2025-09-02,P189,W7,41,76916
2025-02-17,P167,W3,47,104481
2024-09-21,P174,W7,38,14554
2024-08-30,P179,W10,45,17955
2024-04-08,P184,W7,33,26994
2025-06-14,P139,W9,9,10053
2024-02-14,P138,W4,25,26275
2025-12-25,P153,W3,33,32505
2025-04-20,P176,W4,33,67188
2024-11-15,P109,W7,41,20705
2025-03-02,P108,W3,21,15918
2025-08-23,P156,W5,14,22358
2025-08-07,P104,W7,38,36252
2024-09-15,P115,W6,1,406
2024-09-24,P122,W6,7,6356
2025-05-07,P118,W3,39,55185
2025-04-01,P149,W8,44,109340
2024-02-11,P198,W9,22,36498
2024-01-26,P123,W10,11,21659
2025-11-08,P118,W5,2,4126
2024-11-03,P174,W10,19,3857
2024-04-13,P103,W10,33,27357
2024-11-22,P110,W8,15,20325
2025-05-18,P177,W6,26,22178
2024-04-02,P138,W4,28,37632
2025-01-19,P161,W4,39,61503
2025-07-01,P183,W4,48,97872
2025-08-14,P183,W10,5,7035
2025-09-27,P144,W3,32,77312
2025-02-20,P130,W3,49,44345
2025-10-03,P159,W9,42,18312
2025-03-17,P111,W3,29,25549
2025-09-10,P176,W2,24,32592
2024-07-10,P184,W4,42,53886
2025-08-07,P139,W1,40,78600
2024-11-28,P135,W10,34,5950
2024-04-03,P176,W9,49,61495
2024-03-02,P144,W2,18,27918
2025-02-27,P156,W3,46,76958
2025-07-16,P138,W8,7,16506
2024-06-26,P155,W8,35,40530
2024-08-27,P197,W1,38,66500
2024-11-10,P130,W4,36,87516
2024-03-27,P186,W7,23,14674
2025-04-12,P158,W9,10,22720
2025-10-30,P131,W4,43,31132
2024-10-22,P150,W10,30,12510
2024-11-17,P156,W7,38,36518
2024-01-03,P120,W5,40,37400
2025-05-02,P176,W8,25,11875
2025-07-08,P165,W6,30,65490
2025-10-13,P129,W3,36,37584
2024-08-20,P127,W9,35,59605
2025-04-05,P194,W8,37,27824
2024-06-27,P196,W5,23,26703
2025-05-03,P146,W8,11,16533
2025-11-08,P152,W5,8,13088
2025-11-17,P109,W6,36,71640
2025-10-31,P122,W8,31,30132
2025-01-03,P133,W8,9,10134
2024-06-14,P165,W2,48,110160
2025-01-28,P167,W2,28,58296
2025-10-07,P155,W3,8,19416
2025-10-08,P151,W10,23,33327
2025-05-22,P151,W9,5,5025
2024-06-03,P146,W1,27,4293
2024-12-17,P143,W2,27,63612
2024-04-02,P141,W8,29,13572
2024-09-05,P124,W9,10,7110
2025-04-10,P144,W4,4,7800
2024-06-23,P150,W9,25,27700
2024-01-14,P160,W3,19,5795
2024-09-02,P129,W2,19,2831
2024-12-22,P119,W4,15,19215
2025-03-25,P159,W3,19,21223
2024-04-21,P133,W6,12,14220
2025-06-10,P188,W10,46,85008
2025-12-26,P139,W3,15,26850
2025-08-09,P155,W10,34,79934
2024-10-07,P124,W9,11,11935
2024-04-19,P179,W7,11,17556
2024-09-13,P188,W4,45,100755
2025-12-25,P152,W5,8,12472
2024-12-27,P151,W2,42,14406
2025-08-17,P167,W1,22,14938
2024-11-10,P131,W5,28,2996
2025-10-16,P105,W10,49,82418
2024-07-13,P137,W8,32,13600
2024-02-05,P168,W3,5,6620
2024-08-03,P167,W8,34,54332
2024-03-12,P165,W8,38,80978
2024-06-19,P127,W10,33,65736
2025-10-27,P101,W9,16,22768
2024-10-26,P155,W8,44,38764
2024-11-20,P118,W2,2,4330
2024-04-27,P108,W6,16,7808
2025-10-16,P176,W9,18,18000
2024-08-15,P165,W5,28,30968
2024-09-19,P117,W7,13,12259
2024-09-20,P195,W4,30,70740
2025-03-22,P178,W9,34,40256
2025-09-07,P156,W1,22,51194
2025-03-21,P120,W1,10,11620
2024-04-11,P105,W5,4,2368
2025-11-13,P164,W3,39,26364
2024-01-22,P167,W7,13,2860
2024-12-07,P184,W2,16,30800
2024-02-19,P127,W3,12,23352
2024-09-16,P132,W1,42,72282
2025-09-29,P120,W7,42,11130
2024-04-18,P148,W3,22,2552
2024-07-04,P149,W9,36,27216
2025-06-13,P161,W6,18,13716
2024-01-31,P151,W10,14,27538
2025-10-13,P110,W8,43,106124
2024-04-14,P142,W7,9,12609
2025-12-30,P145,W8,49,42777
2024-01-27,P132,W4,48,103920
2024-05-29,P121,W5,33,42471
2024-07-24,P157,W7,42,10122
2025-09-16,P109,W3,1,1243
2025-07-01,P156,W1,46,87814
2024-10-24,P137,W2,42,52920
2024-10-13,P160,W9,17,8568
2025-04-03,P150,W7,36,86220
2025-08-29,P151,W9,25,43925
2024-11-17,P117,W4,33,28611
2025-11-15,P138,W9,42,58548
2024-06-28,P111,W1,43,69359
2025-09-17,P187,W10,36,85608
2024-11-11,P128,W3,28,9912
2025-10-30,P159,W3,16,7184
2025-06-02,P105,W7,9,5319
2025-06-07,P123,W7,21,30135
2025-08-07,P193,W1,6,1968
2025-03-15,P183,W10,38,72922
2025-05-04,P133,W4,20,30140
2025-07-19,P159,W2,26,7150
2025-03-02,P132,W7,19,8075
2024-04-10,P172,W8,2,1098
2025-07-02,P126,W8,6,12258
2025-07-06,P200,W4,27,25650
2024-11-19,P137,W3,14,13048
2024-06-16,P195,W4,41,30668
2025-05-10,P153,W4,42,103320
2025-08-07,P180,W3,23,37007
2024-01-02,P116,W8,45,95850
2024-02-05,P171,W3,19,31179
2025-05-27,P187,W3,31,77190
2024-12-26,P190,W9,8,17384
2024-11-07,P185,W4,11,26565
2025-02-19,P154,W10,37,23421
2024-03-22,P126,W4,45,53280
2024-03-08,P197,W1,35,40985
2024-10-30,P147,W7,7,8736
2024-11-01,P193,W10,28,50680
2024-09-10,P136,W2,4,3436
2024-08-04,P123,W3,49,58653
2025-01-07,P120,W8,43,13459
2025-11-05,P186,W2,3,7233
2024-04-23,P135,W3,32,17152
2024-11-01,P140,W2,21,9072
2024-06-01,P188,W5,4,7472
2025-05-28,P160,W10,12,28548
2025-10-20,P194,W3,46,67436
2025-07-29,P136,W8,45,100035
2024-07-26,P124,W9,35,48965
2025-09-25,P147,W5,24,55608
2025-02-16,P146,W2,31,28768
2024-11-22,P180,W5,6,14400
2025-08-30,P155,W9,4,5712
2024-05-14,P152,W10,30,53460
2025-07-08,P192,W10,1,478
2025-09-24,P120,W7,48,9264
2024-08-03,P108,W2,1,701
2025-12-22,P100,W9,43,65575
2025-03-17,P190,W5,1,1792
2024-09-29,P162,W2,13,8983
2025-05-21,P103,W3,30,15720
2024-06-09,P152,W1,49,6713
2024-02-01,P189,W10,25,5800
2024-04-20,P100,W2,27,47007
2024-06-26,P139,W6,22,29810
2025-03-27,P163,W8,6,8484
2025-05-19,P107,W4,5,9905
2025-04-09,P109,W6,17,38726
2024-07-17,P175,W4,1,2183
2025-04-25,P151,W1,41,98031
2025-05-02,P109,W5,9,3996
2024-03-01,P176,W10,21,25284
2025-03-01,P160,W4,13,32071
2025-11-30,P123,W3,31,30566
2025-06-27,P125,W7,22,47740
2025-06-13,P161,W7,25,21375
2024-07-07,P114,W8,37,32301
2025-10-19,P106,W7,32,22528
2024-05-16,P110,W4,12,1764
2024-09-08,P186,W9,28,29680
2025-03-17,P183,W3,48,90480
2025-10-16,P120,W8,18,21294
2025-06-13,P117,W5,18,21690
2024-10-04,P189,W10,16,36608
2025-09-04,P147,W4,22,19976
2024-06-24,P161,W5,4,8008
2025-10-17,P187,W5,6,3786
2025-08-21,P186,W1,11,11132
2025-02-17,P160,W5,9,14094
2024-03-22,P172,W9,14,24892
2024-01-05,P120,W7,8,18944
2024-09-08,P134,W4,31,12431
2025-03-26,P185,W7,28,27692
2024-04-29,P173,W3,27,25353
2024-12-27,P167,W7,29,58928
2024-01-01,P150,W3,33,79530
2025-11-05,P175,W1,48,35136
2024-06-22,P151,W10,4,9244
2024-12-28,P131,W4,6,13290
2024-08-12,P119,W10,34,14654
2024-03-29,P164,W3,48,46272
2024-07-16,P126,W3,18,26676
2024-07-19,P128,W7,21,19530
2025-05-31,P177,W1,38,79686
2025-08-24,P134,W9,14,30352
2024-09-06,P136,W3,12,12732
2024-02-28,P144,W8,15,11070
2024-02-04,P198,W4,22,13156
2025-09-15,P182,W6,30,48540
2025-09-11,P159,W9,38,16226
2025-04-28,P179,W7,43,46096
2024-05-09,P117,W4,23,11569
2024-09-15,P169,W5,32,10048
2024-01-26,P170,W1,48,115200
2024-06-25,P117,W2,30,56430
2024-05-11,P192,W10,44,104896
2024-04-05,P169,W2,6,8988
2025-04-17,P185,W2,1,1017
2024-10-29,P143,W4,28,7196
2025-02-28,P149,W3,43,11825
2025-05-09,P106,W8,29,58058
2025-05-09,P184,W4,9,5337
2024-03-18,P108,W4,11,19030
2025-11-11,P147,W6,49,74774
2025-08-03,P182,W7,33,42735
2025-04-30,P171,W10,6,8010
2025-08-28,P179,W2,15,12480
2025-01-19,P173,W4,26,51220
2025-04-23,P196,W10,19,28120
2025-12-21,P120,W2,43,53406
2024-05-19,P164,W1,15,2325
2024-01-18,P176,W7,14,18900
2025-08-26,P168,W2,25,58200
2024-02-07,P108,W8,47,57951
2025-07-20,P188,W4,38,10830
2025-03-23,P101,W4,15,31515
2024-07-11,P135,W10,19,4028
2024-07-10,P194,W7,25,5550
2025-03-31,P133,W3,19,41344
2025-04-05,P182,W10,19,47158
2024-02-01,P119,W5,24,35040
2025-05-08,P150,W7,29,6351
2025-06-07,P143,W7,9,11340
2025-04-28,P127,W5,37,14689
2024-08-01,P179,W1,12,9684
2025-07-13,P193,W1,19,5928
2025-08-06,P111,W9,6,12792
2025-12-17,P102,W1,31,25947
2025-04-01,P141,W9,47,76375
2024-01-21,P156,W5,32,70656
2025-08-03,P100,W10,34,79322
2025-08-20,P108,W2,42,19362
2025-04-05,P144,W5,37,53576
2025-09-02,P143,W3,40,87760
2025-04-25,P134,W10,4,4936
2024-01-17,P179,W3,13,27976
2024-07-26,P145,W1,7,5355
2024-09-30,P124,W8,10,8730
2025-08-10,P180,W5,28,9492
2024-10-05,P105,W5,31,37262
2024-12-08,P134,W9,30,62490
2025-02-24,P152,W8,5,1170
2024-06-11,P182,W2,32,23968
2024-12-27,P155,W8,1,2162
2025-07-30,P144,W4,13,21918
2024-02-22,P104,W6,2,4916
2024-03-29,P103,W2,5,9610
2024-04-03,P191,W4,13,25662
2025-01-07,P127,W8,46,81696
2024-11-26,P165,W5,35,78645
2024-05-28,P157,W4,5,2750
2024-01-23,P167,W9,17,4182
2025-05-19,P150,W1,43,51772
2024-04-29,P150,W6,40,83880
2025-01-20,P124,W7,24,33168
2025-08-18,P120,W2,44,73040
2025-10-27,P112,W8,22,10560
2025-07-15,P135,W1,40,30080
2024-03-18,P135,W1,17,16983
2025-09-20,P131,W10,36,7992
2025-04-07,P158,W6,32,73376
2024-08-20,P168,W1,36,39348
2025-08-30,P140,W9,6,1734
2025-03-24,P104,W1,22,7590
2024-11-24,P103,W1,8,2520
2025-11-24,P167,W5,20,33180
2025-08-09,P167,W8,3,4056
2024-09-11,P125,W3,46,48622
2024-02-11,P199,W7,34,41412
2025-09-05,P196,W2,20,17820
2024-06-11,P139,W1,36,80244
2025-06-19,P128,W7,28,17248
2024-10-03,P132,W7,1,2479
2025-03-20,P150,W10,4,1800
2024-03-13,P121,W8,10,1500
2025-05-07,P179,W7,13,6916
2025-10-08,P184,W10,32,41952
2024-03-14,P193,W4,37,63492
2025-09-20,P122,W3,15,2475
2025-10-24,P117,W3,26,41002
2024-11-13,P155,W10,49,35378
2025-01-13,P151,W9,31,4774
2025-07-19,P159,W2,17,31705
2025-08-09,P194,W10,23,30590
2025-06-18,P135,W6,47,10998
2025-03-30,P185,W1,26,26780
2024-08-19,P192,W2,43,52288
2024-09-28,P123,W8,18,22698
2024-08-15,P162,W2,4,5388
2025-07-19,P153,W6,14,16058
2025-01-19,P105,W9,38,8284
2024-10-08,P138,W6,49,40621
2024-11-23,P181,W1,37,62752
2024-03-29,P131,W5,3,3390
2025-10-03,P182,W8,45,85680
2025-09-03,P105,W3,15,36315
2024-04-26,P172,W7,30,55860
2025-09-16,P171,W1,6,7722
2024-06-12,P113,W3,22,33770
2024-07-14,P154,W3,44,10956
2025-11-08,P120,W8,3,1968
2025-08-20,P157,W8,4,3012
2025-06-29,P176,W9,5,8925
2025-12-11,P172,W8,8,1440
2025-03-09,P170,W3,5,585
2025-08-11,P145,W4,18,38142
2024-04-03,P137,W9,6,11460
2024-10-08,P194,W8,22,12606
2025-04-17,P145,W4,17,28152
2025-12-22,P154,W2,27,41013
2025-07-11,P159,W8,31,30535
2024-02-29,P146,W6,5,2690
2024-08-11,P151,W5,14,27076
2025-06-10,P109,W4,18,17244
2024-10-09,P185,W1,5,10710
2025-05-13,P155,W9,45,36450
2024-07-09,P133,W4,44,96052
2025-11-20,P154,W1,32,73152
2025-07-29,P160,W4,4,1232
2025-08-27,P121,W7,9,11997
2024-06-17,P119,W5,17,22406
2025-05-21,P191,W3,24,53280
2024-08-29,P132,W9,17,10081
2025-04-18,P167,W6,16,3200
2025-10-22,P195,W4,3,5352
2025-04-07,P164,W4,12,3300
2025-07-24,P110,W3,13,4875
2025-07-09,P118,W3,49,65856
2024-08-15,P101,W1,42,65520
2025-12-09,P109,W7,6,13782
2024-01-28,P145,W5,28,42420
2024-10-10,P160,W9,48,47376
2025-06-08,P137,W5,13,2431
2025-09-23,P191,W10,12,17880
2025-02-02,P180,W9,30,11340
2024-12-18,P194,W10,43,51729
2025-07-02,P159,W9,46,51290
2024-01-24,P105,W1,39,60411
2025-03-05,P184,W3,16,21376
2024-12-17,P140,W2,30,72000
2024-01-09,P113,W6,36,23724
2025-11-13,P135,W4,19,34542
2025-04-29,P102,W2,10,9080
2025-07-08,P183,W10,10,15660
2025-11-28,P195,W9,9,18639
2025-02-17,P141,W8,29,26216
2024-06-23,P171,W1,21,24696
2025-08-04,P173,W6,7,6328
2025-10-15,P141,W2,20,3300
2024-05-19,P183,W4,40,16600
2025-11-28,P143,W10,3,4821
2024-10-31,P198,W3,34,77962
2025-12-23,P124,W10,47,77832
2025-01-22,P155,W4,10,23520
2024-10-25,P176,W10,34,33660
2025-05-10,P109,W7,25,42600
2024-11-23,P187,W8,31,31496
2025-10-22,P119,W7,34,18190
2024-08-31,P144,W10,41,42558
2024-11-29,P188,W4,24,7344
2024-02-06,P134,W4,30,39060
2024-11-17,P124,W9,13,4810
2024-09-25,P134,W6,22,16038
2024-10-09,P124,W2,3,330
2024-01-07,P114,W2,13,5174
2025-06-24,P148,W4,41,98933
2025-10-18,P101,W2,7,1428
2025-09-25,P172,W9,7,9618
2024-04-23,P109,W10,23,43654
2024-09-03,P117,W3,12,3036
2025-09-14,P169,W4,35,25130
2025-11-02,P167,W1,1,812
2024-09-19,P162,W3,33,33693
2025-05-12,P160,W4,35,10710
2025-11-23,P119,W2,38,35872
2025-02-18,P183,W3,29,50692
2024-07-20,P195,W3,32,4384
2024-09-18,P171,W8,37,20239
2024-01-12,P170,W8,47,67116
2024-04-07,P126,W10,36,56808
2024-01-21,P196,W6,47,54144
2025-04-21,P125,W1,43,79636
2024-06-02,P160,W6,49,67816
2025-05-26,P130,W7,31,47709
2025-12-05,P187,W6,36,43956
2025-04-05,P146,W2,24,20064
2025-07-30,P151,W7,34,39610
2025-10-04,P148,W6,4,3112
2024-01-05,P188,W1,6,4608
2024-11-17,P165,W4,47,53486
2025-11-03,P107,W8,40,98880
2024-01-07,P170,W4,21,37065
2024-03-23,P129,W2,13,1768
2025-08-20,P139,W5,37,56240
2024-12-05,P148,W8,19,27987
2024-10-02,P187,W7,3,3450
2025-07-23,P145,W3,37,33818
2024-10-22,P183,W4,35,19180
2025-06-06,P107,W6,1,977
2024-12-25,P190,W5,47,14476
2025-12-29,P169,W3,19,28253
2024-02-04,P197,W2,35,54915
2025-09-23,P134,W8,16,19616
2025-08-19,P183,W8,17,26078
2025-01-28,P176,W4,34,4590
2025-07-19,P146,W6,38,49970
2024-12-26,P176,W1,10,15460
2025-05-09,P186,W2,44,9988
2024-12-14,P130,W10,36,10188
2025-04-27,P136,W10,15,22905
2024-02-08,P189,W3,2,4544
2025-07-10,P153,W1,18,13176
2024-02-28,P186,W4,15,36900
2025-08-07,P163,W2,44,88176
2025-12-21,P110,W2,6,5586
2024-06-21,P184,W1,2,2624
2024-01-31,P147,W3,31,22599
2025-10-05,P145,W3,25,62100
2024-10-13,P155,W6,22,49236
2024-02-29,P122,W8,30,20400
2025-12-25,P170,W10,18,21114
2025-08-30,P119,W8,22,46508
2025-08-22,P156,W1,36,40752
2025-11-26,P199,W10,16,12480
2024-02-09,P194,W10,47,84412
2024-07-11,P162,W5,19,18962
2025-01-31,P173,W9,48,84048
2024-04-10,P142,W5,14,3584
2024-12-07,P124,W5,33,12639
2024-02-15,P179,W8,44,91652
2024-09-03,P193,W10,47,116560
2024-10-21,P174,W8,32,22240
2024-01-04,P164,W2,20,23960
2025-01-02,P124,W9,4,1360
2025-04-10,P133,W10,12,17904
2024-12-22,P132,W8,29,63075
2025-09-03,P117,W6,8,7624
2025-06-26,P122,W1,14,3374
2025-03-20,P193,W4,8,8808
2025-10-08,P152,W9,22,28600
2025-04-06,P153,W9,43,57233
2024-11-27,P113,W4,45,71055
2024-04-29,P117,W8,6,10146
2025-11-18,P135,W4,33,69663
2025-02-03,P183,W9,37,39775
2025-06-30,P149,W2,27,53946
2025-08-15,P198,W10,26,12610
2024-10-11,P156,W3,32,50240
2025-05-08,P192,W5,5,6835
2025-10-16,P134,W1,35,85505
2025-08-14,P167,W5,44,109648
2024-10-17,P182,W8,6,11514
2024-11-12,P196,W4,1,2026
2025-02-16,P171,W6,46,90022
2024-03-10,P152,W8,29,63713
2024-03-01,P114,W9,4,6404
2025-12-21,P105,W9,6,5736
2025-08-08,P128,W8,2,3924
2024-08-03,P174,W3,30,57840
2024-03-29,P162,W6,28,29904
2025-06-30,P160,W3,13,7280
2025-03-13,P174,W4,28,9632
2024-08-28,P111,W8,33,62040
2025-01-22,P184,W1,26,47086
2024-06-14,P200,W7,12,28428
2025-02-28,P161,W3,44,7392
2025-03-03,P116,W9,26,9516
2025-12-17,P193,W9,13,9646
2025-06-01,P196,W4,4,9868
2025-12-08,P100,W2,49,107506
2025-04-03,P122,W8,24,31656
2025-08-04,P146,W6,19,3743
2025-01-05,P161,W10,30,59490
2025-04-25,P194,W8,33,3960
2025-04-09,P115,W2,46,68724
2024-07-17,P170,W8,44,46068
2025-04-14,P189,W1,49,23226
2025-10-03,P196,W5,21,18963
2024-04-24,P108,W5,23,6164
2024-03-16,P192,W5,42,86352
2025-07-04,P173,W6,46,82892
2025-04-28,P120,W10,39,13026
2024-08-10,P148,W5,42,32466
2025-03-16,P190,W4,47,22466
2024-10-19,P192,W6,44,101552
2025-09-15,P102,W3,45,109935
2025-08-21,P103,W1,27,51057
2025-05-26,P143,W5,1,211
2025-01-20,P182,W2,18,9756
2024-09-02,P161,W2,2,4172
2025-01-31,P152,W5,48,110736
2025-05-09,P112,W2,1,1735
2025-09-25,P133,W1,28,8540
2024-08-09,P100,W3,49,18032
2024-10-11,P175,W8,19,13281
2025-09-14,P168,W8,4,4596
2024-10-07,P100,W2,1,1689
2025-08-22,P116,W2,44,79728
2025-03-17,P176,W5,4,624
2025-05-26,P186,W3,3,3642
2025-06-13,P103,W3,38,67564
2025-01-13,P113,W6,18,6876
2024-07-06,P187,W9,4,9508
2024-01-07,P154,W2,36,35208
2025-02-22,P191,W3,22,21736
2025-02-08,P175,W8,16,30496
2024-06-17,P135,W7,41,35465
2024-07-08,P181,W2,40,61280
2025-05-11,P117,W9,5,7535
2024-02-10,P192,W10,45,39960
2025-03-28,P195,W5,37,75591
2024-08-24,P183,W3,10,11700
2025-10-01,P193,W6,3,2898
2025-02-01,P152,W5,11,8580
2025-08-19,P154,W10,2,1082
2025-10-04,P197,W8,38,85576
2025-05-14,P117,W2,8,19680
2024-09-29,P167,W3,23,6233
2025-06-02,P131,W1,34,9962
2024-12-27,P183,W7,27,30078
2024-08-03,P185,W1,16,28944
2024-10-08,P125,W5,20,20120
2025-10-23,P136,W10,5,12300
2024-05-23,P110,W5,23,57293
2025-03-19,P122,W1,43,62866
2024-07-29,P187,W2,45,35415
2025-01-02,P139,W2,28,16688
2024-03-06,P113,W6,28,19712
2024-09-12,P177,W8,37,51726
2025-03-23,P136,W8,4,5168
2025-01-05,P101,W8,15,5925
2025-02-23,P164,W9,36,31212
2024-02-18,P185,W3,13,8593
2025-01-02,P142,W7,9,4284
2024-12-17,P149,W5,41,41574
2025-01-04,P150,W8,2,4618
2024-11-11,P178,W5,27,65286
2024-01-22,P154,W9,33,69432
2024-01-20,P153,W8,31,8804
2025-11-17,P178,W2,2,4232
2024-03-07,P163,W8,16,37760
2025-04-11,P112,W10,20,36560
2025-12-20,P163,W10,8,10600
2024-09-17,P144,W6,21,33327
2024-01-19,P171,W8,46,68172
2025-03-14,P171,W4,2,3524
2024-03-01,P163,W1,17,23902
2025-03-28,P157,W10,33,37818
2024-02-11,P125,W6,1,1476
2024-07-28,P141,W1,16,27008
2025-11-16,P110,W4,14,28728
2024-09-17,P184,W6,5,8935
2025-08-19,P181,W6,26,32006
2024-12-13,P164,W7,44,105468
2024-02-10,P176,W8,20,21560
2025-03-11,P188,W6,5,11175
2025-11-13,P133,W8,47,104716
2025-05-01,P163,W2,37,68783
2025-01-30,P106,W4,8,2272
2024-12-12,P175,W4,31,29667
2024-08-30,P104,W4,18,20826
2024-11-21,P130,W10,29,56289
2025-03-12,P181,W6,22,22968
2024-10-11,P113,W7,25,10825
2024-11-08,P112,W4,9,10764
2024-08-23,P108,W5,13,5447
2025-04-18,P191,W6,18,7902
2025-12-01,P141,W4,37,69560
2025-09-21,P146,W10,36,33768
2025-07-11,P101,W3,12,19212
2025-05-11,P115,W6,1,1548
2024-08-10,P112,W9,43,47429
2025-05-25,P109,W1,20,9420
2025-09-23,P125,W1,36,44892
2025-06-03,P197,W6,16,20192
2024-01-13,P178,W10,48,104784
2025-02-12,P185,W6,12,15180
2025-04-01,P189,W8,8,3904
2025-09-14,P170,W1,34,80138
2024-03-15,P176,W8,15,14145
2024-12-12,P166,W8,9,11610
2024-10-17,P133,W10,3,7452
2025-08-04,P141,W3,42,17682
2025-02-26,P110,W3,27,5859
2024-05-23,P117,W3,9,13203
2025-11-05,P166,W8,37,33041
2024-11-05,P120,W3,18,23472
2025-03-14,P144,W9,46,108836
2025-01-08,P198,W3,19,10792
2024-02-03,P164,W5,6,13104
2024-01-22,P150,W4,16,17296
2024-01-17,P181,W1,44,57156
2025-08-18,P193,W6,2,546
2024-08-30,P123,W3,24,39048
2024-07-24,P167,W9,31,28892
2024-06-17,P169,W5,47,19035
2024-01-20,P161,W3,44,63712
2025-02-06,P144,W1,39,75504
2025-01-27,P179,W3,10,10230
2025-11-24,P116,W2,46,66010
2025-10-23,P194,W9,22,53306
2024-07-30,P137,W6,45,78885
2024-10-18,P119,W5,34,11152
2025-07-10,P125,W2,37,61790
2024-04-07,P147,W9,44,109296
2024-10-27,P200,W6,40,81520
2025-12-17,P100,W1,23,27899
2024-09-12,P196,W10,1,891
2024-10-22,P187,W5,26,60996
2025-04-29,P179,W9,3,2610
2025-10-24,P193,W10,32,19968
2024-04-20,P166,W3,41,36244
2025-10-11,P193,W7,17,12223
2025-07-08,P123,W2,41,84419
2025-12-12,P185,W6,33,27291
2025-11-12,P112,W10,49,19845
2025-11-03,P173,W5,33,32868
2025-06-16,P113,W9,8,1544
2025-09-28,P178,W5,35,72835
2025-03-29,P176,W4,19,45695
2025-01-26,P197,W4,38,33326
2024-10-11,P195,W10,14,14644
2025-12-30,P165,W6,44,93456
2025-07-23,P183,W8,48,40368
2025-11-19,P190,W10,29,22156
2025-05-03,P151,W5,38,82498
2025-10-17,P171,W6,1,1059
2024-10-13,P137,W3,28,7728
2024-10-25,P190,W10,18,29484
2025-11-19,P119,W7,48,43488
2025-03-15,P119,W10,19,27037
2024-04-23,P178,W9,33,58476
2025-06-30,P172,W8,34,31654
2025-02-03,P147,W9,11,14080
2025-07-28,P177,W6,18,43956
2025-12-30,P130,W6,14,26278
2024-02-11,P119,W7,15,6360
2025-10-22,P143,W6,6,8412
2025-06-03,P102,W7,25,54700
2024-11-23,P117,W1,46,8050
2025-07-09,P134,W1,43,14491
2024-11-16,P180,W8,21,49980
2025-12-27,P111,W2,40,95880
2025-01-25,P167,W7,39,61269
2025-11-06,P140,W3,19,25973
2025-03-05,P183,W4,12,2160
2025-04-27,P126,W8,20,3780
2025-05-09,P176,W4,43,48762
2025-05-18,P118,W8,38,12274
2025-12-02,P143,W5,41,94013
2025-03-21,P119,W4,10,2950
2024-02-16,P137,W3,15,16065
2024-05-13,P141,W8,4,448
2024-06-17,P179,W2,37,20128
2024-06-07,P151,W1,23,40733
2024-08-24,P170,W6,20,20960
2024-08-09,P150,W2,27,58779
2024-05-24,P109,W3,6,1458
2024-05-29,P199,W1,31,47120
2024-01-25,P135,W6,8,4128
2024-09-16,P177,W6,15,32655
2025-04-11,P148,W9,35,41230
2025-04-20,P138,W6,12,26856
2024-08-21,P137,W6,41,42558
2024-09-15,P195,W4,41,8815
2024-11-14,P158,W1,35,82390
2024-01-19,P126,W7,19,40907
2025-01-29,P111,W3,1,1924
2024-07-07,P186,W9,24,12672
2024-06-23,P124,W7,24,15864
2025-09-12,P161,W1,24,7608
2024-10-11,P121,W10,33,40293
2025-08-22,P184,W8,11,13145
2025-11-13,P168,W6,10,1410
2025-05-18,P104,W7,16,10480
2024-06-15,P167,W9,11,25586
2025-09-01,P186,W2,37,19795
2024-07-22,P168,W4,30,62700
2025-08-06,P164,W8,29,56637
2025-04-29,P107,W7,49,32634
2024-03-06,P185,W1,3,2394
2025-04-23,P167,W5,21,9534
2024-11-27,P145,W10,5,1635
2025-03-23,P106,W10,10,24470
2024-06-29,P130,W8,10,14840
2025-09-16,P118,W10,37,28083
2024-11-04,P171,W5,41,15375
2024-10-13,P123,W10,17,27540
2024-01-04,P161,W7,18,21960
2025-05-23,P163,W1,9,5049
2024-03-16,P108,W7,43,50998
2025-09-28,P145,W8,13,13676
2025-01-28,P180,W5,44,48400
2025-11-19,P182,W5,28,42532
2024-11-28,P144,W10,40,32280
2025-12-16,P119,W4,11,20207
2024-06-02,P143,W3,19,34637
2024-11-12,P146,W4,11,24530
2024-08-14,P130,W8,22,13640
2024-10-06,P160,W4,35,53970
2025-11-10,P109,W6,8,6360
2025-12-03,P196,W1,34,10166
2024-05-26,P155,W5,31,76787
2025-02-10,P130,W9,16,34048
2025-04-13,P168,W7,16,34464
2025-02-20,P157,W9,23,30475
2025-10-29,P176,W6,33,4422
2024-05-30,P112,W9,15,12495
2024-11-17,P178,W8,27,60399
2025-02-25,P161,W2,31,5704
2025-05-20,P179,W9,32,69344
2025-04-17,P181,W10,33,52305
2025-01-21,P124,W3,36,41508
2025-11-23,P161,W6,37,61013
2024-03-27,P153,W7,32,61280
2024-08-02,P163,W6,2,4678
2024-11-02,P101,W8,26,6682
2025-02-15,P200,W1,19,37012
2024-04-19,P137,W3,29,25172
2025-05-24,P111,W3,39,39429
2025-05-06,P157,W4,9,5454
2024-11-22,P125,W6,7,5460
2024-07-18,P109,W2,16,1920
2024-06-28,P113,W6,30,33060
2024-07-18,P143,W7,42,18396
2025-07-01,P122,W9,42,38724
2024-10-05,P184,W5,30,53100
2025-03-04,P186,W2,17,41361
2025-08-25,P146,W4,32,11392
2024-05-10,P138,W2,24,23736
2025-01-29,P107,W10,19,21166
2024-08-28,P190,W1,46,47932
2024-11-27,P101,W2,42,20076
2025-04-19,P102,W9,43,102297
2025-10-06,P171,W1,8,16032
2024-11-03,P110,W6,24,33552
2024-03-01,P123,W1,11,19657
2025-03-15,P199,W5,28,65212
2024-01-07,P134,W9,35,84630
2025-10-16,P148,W2,43,88709
2025-04-08,P115,W9,34,6358
2025-10-25,P146,W2,11,2409
2025-12-01,P161,W5,30,54450
2025-02-07,P126,W5,9,11592
2025-10-09,P172,W1,39,87906
2024-10-18,P135,W3,21,39123
2024-08-05,P112,W7,32,45728
2024-05-04,P179,W1,21,51198
2025-10-19,P134,W5,35,56420
2024-12-03,P136,W9,28,41328
2025-08-17,P146,W6,45,38475
2024-11-08,P159,W6,44,105820
2025-05-31,P105,W5,7,10724
2024-12-23,P118,W3,13,30654
2024-10-18,P102,W2,35,11865
2024-09-17,P152,W2,40,14960
2024-04-05,P180,W6,25,4825
2025-03-19,P172,W4,32,40768
2025-10-25,P145,W3,4,6416
2025-09-16,P135,W7,38,63270
2025-02-25,P177,W10,14,4368
2024-11-04,P189,W8,25,9675
2025-04-13,P154,W5,35,4340
2024-10-23,P158,W5,4,2664
2024-11-26,P145,W1,21,34797
2025-12-30,P196,W2,25,56250
2024-05-14,P141,W8,30,34920
2024-02-02,P170,W6,45,57420
2024-04-23,P173,W2,12,21036
2025-08-16,P168,W10,44,65296
2025-11-19,P198,W7,31,69936
2024-11-16,P120,W1,47,34216
2024-05-06,P158,W10,16,5760
2025-02-09,P139,W1,6,11034
2025-11-23,P137,W7,40,51240
2025-02-01,P106,W10,13,22165
2024-06-29,P187,W8,28,62916
2024-08-02,P191,W7,35,82285
2024-12-15,P101,W6,27,55728
2024-04-01,P134,W5,14,32396
2025-01-19,P183,W6,28,28784
2025-05-07,P106,W4,43,41538
2024-11-04,P140,W5,46,88274
2024-06-23,P101,W6,26,34190
2025-04-11,P152,W2,25,42500
2024-02-21,P108,W8,43,42441
2024-08-05,P196,W6,42,81984
2024-06-20,P126,W9,22,32164
2024-07-16,P139,W4,20,43000
2025-07-26,P152,W5,43,50310
2025-11-28,P182,W4,1,563
2025-03-21,P150,W1,48,108000
2024-04-18,P139,W10,29,54752
2025-04-02,P119,W1,47,48974
2024-04-06,P140,W10,43,104103
2024-06-01,P124,W8,31,26226
2025-10-28,P145,W8,48,23568
2025-11-22,P139,W3,3,4440
2025-04-01,P102,W6,38,25612
2025-02-06,P166,W7,2,3400
2024-04-20,P196,W5,12,5664
2024-08-12,P112,W9,4,5012
2024-10-16,P146,W6,47,108241
2024-06-02,P109,W3,31,71238
2024-07-24,P196,W1,12,7608
2024-04-25,P146,W10,41,26855
2024-06-02,P184,W5,16,26880
2025-11-18,P154,W6,44,31592
2024-07-16,P101,W6,46,13432
2024-06-08,P175,W10,3,3204
2024-01-27,P181,W3,39,11544
2024-09-10,P166,W1,17,20145
2024-06-19,P168,W2,8,10632
2025-07-12,P199,W2,28,3388
2024-07-15,P150,W1,7,6839
2025-07-14,P103,W2,5,3025
2025-02-25,P200,W5,29,48633
2024-08-11,P175,W10,17,3434
2025-05-04,P156,W7,44,12760
2024-01-27,P190,W8,43,27477
2025-03-21,P117,W1,46,62100
2025-05-04,P137,W4,17,28407
2025-08-02,P130,W8,39,79170
2025-08-22,P110,W3,36,39924
2024-12-08,P176,W5,40,93040
2024-08-14,P195,W3,46,41170
2025-06-03,P170,W1,20,23340
2024-05-20,P109,W4,43,5719
2025-05-24,P143,W10,13,27183
2024-07-08,P189,W2,31,46531
2024-05-09,P156,W4,27,40743
2024-05-16,P125,W4,49,96726
2025-04-04,P144,W8,35,66080
2024-09-08,P114,W6,5,2010
2025-12-12,P164,W5,46,112884
2025-09-23,P135,W6,23,3082
2025-06-04,P164,W3,19,45885
2025-10-20,P178,W9,18,2124
2024-07-12,P105,W9,44,69432
2025-08-23,P112,W8,43,23994
2025-06-23,P167,W8,28,51352
2024-09-20,P139,W7,43,36335
2025-01-26,P149,W7,18,39204
2024-07-11,P128,W9,2,3764
2024-09-12,P196,W8,1,1312
2025-07-05,P132,W6,46,69966
2024-04-23,P127,W5,29,69136
2025-01-16,P199,W8,48,48096
2024-07-17,P151,W3,41,16728
2025-07-24,P185,W3,11,9317
2025-03-26,P109,W3,7,11431
2024-03-24,P105,W3,36,33048
2024-11-11,P105,W3,12,24768
2025-08-06,P168,W1,29,60958
2024-07-19,P108,W4,29,33814
2025-08-07,P170,W8,42,81354
2024-02-18,P195,W3,8,16008
2024-09-22,P169,W5,2,1662
2025-10-03,P173,W9,5,4680
2024-01-30,P161,W9,4,4672
2024-05-10,P130,W4,9,4275
2025-01-19,P191,W1,19,25422
2025-11-01,P194,W1,27,10881
2025-04-23,P191,W7,17,29699
2024-06-08,P175,W3,31,56327
2024-11-15,P180,W5,46,99314
2024-09-02,P156,W6,8,17888
2024-01-23,P107,W6,13,27833
2024-04-18,P178,W8,19,15770
2024-10-20,P136,W6,31,66526
2024-12-03,P109,W5,37,57202
2025-07-27,P129,W1,31,60512
2025-11-12,P159,W7,42,79380
2024-08-27,P171,W3,25,15775
2025-04-22,P136,W1,26,42484
2025-05-27,P198,W4,20,23560
2025-06-11,P131,W1,16,32432
2025-03-23,P135,W2,7,9520
2025-05-22,P130,W2,19,2964
2024-05-26,P183,W8,3,603
2024-02-15,P110,W5,5,2860
2024-08-26,P115,W5,24,2400
2024-03-09,P135,W4,48,101520
2024-08-31,P102,W9,45,96435
2024-11-21,P127,W5,5,4895
2025-08-30,P167,W4,48,114384
2024-05-01,P155,W6,18,7074
2024-06-26,P105,W10,37,67340
2025-07-17,P196,W2,25,13925
2025-03-11,P102,W9,27,64746
2025-09-12,P166,W3,11,15147
2025-01-16,P141,W10,30,29700
2025-12-18,P124,W5,23,16445
2024-03-07,P136,W4,14,16324
2025-01-21,P113,W7,45,50400
2025-11-08,P162,W1,44,20152
2024-07-23,P183,W1,49,54537
2024-10-13,P197,W1,40,72440
2025-04-15,P118,W8,22,38588
2024-07-03,P162,W2,41,75727
2025-02-15,P163,W2,39,53781
2025-05-26,P155,W3,6,11832
2024-02-19,P157,W3,29,52635
2024-08-12,P135,W4,2,4454
2025-12-09,P138,W7,33,25146
2025-11-08,P138,W6,31,71703
2024-09-29,P162,W8,17,32249
2024-12-06,P104,W7,41,71422
2025-04-19,P181,W4,5,9050
2025-07-16,P105,W1,4,2404
2025-10-02,P189,W6,5,10415
2024-07-09,P136,W2,32,47168
2025-06-23,P150,W10,48,26304
2024-02-07,P190,W10,17,14875
2024-07-24,P126,W3,3,3663
2025-02-11,P174,W7,15,22425
2025-08-25,P126,W1,48,39840
2024-06-16,P163,W10,13,16172
2024-02-23,P173,W4,26,58500
2024-10-26,P138,W6,14,9702
2024-02-03,P106,W1,40,23400
2025-03-01,P155,W3,18,28152
2024-09-01,P171,W2,34,21522
2024-10-10,P149,W4,40,58360
2024-11-06,P157,W6,32,68256
2025-09-06,P180,W2,32,9696
2024-06-06,P174,W4,14,9324
2024-07-16,P199,W6,19,32300
2024-02-28,P144,W10,21,49308
2025-04-23,P178,W3,44,89716
2025-12-16,P189,W3,6,3624
2024-08-08,P118,W10,8,17352
2025-09-22,P199,W2,10,24590
2024-02-15,P139,W1,39,81198
2025-09-12,P184,W2,46,28796
2024-06-21,P134,W5,19,16226
2025-04-13,P151,W4,47,95175
2024-07-07,P125,W9,18,9522
2024-06-05,P137,W8,23,29716
2025-09-25,P140,W3,23,41515
2024-04-30,P101,W5,27,37476
2025-01-18,P119,W6,36,45576
2025-08-23,P199,W8,25,38050
2024-02-08,P148,W10,40,77760
2025-07-27,P133,W6,13,27521
2024-08-13,P180,W2,8,18112
2025-05-19,P103,W8,48,84288
2025-04-03,P110,W3,3,927
2025-11-05,P105,W7,25,42325
2025-10-11,P131,W3,30,43950
2024-06-26,P152,W4,31,73842
2024-09-29,P143,W4,33,19470
2025-09-06,P108,W8,44,8140
2025-07-05,P121,W9,26,15730
2025-01-31,P134,W1,27,27756
2025-04-25,P151,W6,44,16940
2024-11-28,P199,W7,39,85020
2024-10-07,P105,W5,47,82955
2024-11-21,P158,W3,33,4422
2024-07-10,P110,W2,42,79590
2024-09-10,P187,W9,45,54540
2024-11-12,P171,W6,45,97200
2025-10-24,P113,W10,43,27047
2025-01-03,P122,W6,30,10830
2025-08-10,P136,W4,45,25740
2024-12-09,P185,W7,42,98028
2025-03-27,P104,W8,2,3816
2024-10-15,P199,W7,33,77088
2025-02-03,P128,W5,16,6704
2024-11-14,P138,W9,12,29880
2025-11-10,P105,W6,31,43679
2025-05-24,P141,W2,35,42105
2024-06-10,P171,W8,41,34153
2024-04-29,P187,W10,2,4838
2024-08-01,P151,W7,45,26415
2025-02-23,P136,W1,49,79723
2025-05-04,P140,W1,11,7623
2025-01-10,P147,W1,41,91717
2025-07-26,P114,W2,48,94272
2024-01-09,P151,W3,28,54264
2024-08-17,P187,W5,25,57900
2024-09-27,P182,W1,44,52404
2024-01-27,P124,W7,42,91518
2024-09-17,P172,W6,26,59566
2024-10-14,P177,W7,15,8025
2025-06-01,P186,W2,30,45450
2024-05-25,P135,W9,4,1864
2025-05-13,P135,W3,36,75276
2025-03-06,P104,W7,10,6460
2024-01-25,P118,W8,47,77127
2024-11-13,P134,W4,17,37876
2024-03-02,P124,W8,40,10880
2025-06-29,P137,W7,10,3870
2025-12-25,P105,W5,44,54604
2024-05-18,P194,W8,3,6582
2025-07-21,P146,W1,5,6900
2024-04-05,P141,W1,7,12614
2025-05-05,P178,W5,48,94896
2024-10-16,P131,W7,1,2354
2024-06-20,P103,W5,35,43050
2024-02-24,P141,W2,7,8505
2025-01-04,P118,W8,27,30645
2024-08-20,P169,W7,37,20202
2025-02-13,P168,W4,32,9472
2024-09-27,P198,W10,27,2727
2025-03-09,P163,W8,32,76000
2024-05-15,P114,W1,3,918
2024-08-29,P173,W6,38,6232
2024-08-09,P183,W2,30,63300
2024-06-26,P114,W7,3,3219
2024-09-13,P189,W2,15,5460
2025-06-16,P104,W1,19,32243
2025-03-15,P173,W5,16,27136
2024-06-21,P137,W6,28,38500
2024-03-24,P149,W2,46,30544
2025-01-22,P193,W10,43,79335
2024-09-13,P175,W4,40,87440
2024-08-30,P175,W1,15,22755
2024-02-03,P161,W4,13,8073
2025-09-11,P135,W8,23,16192
2024-04-04,P156,W8,22,20680
2024-04-27,P199,W7,19,12369
2024-04-04,P177,W3,1,313
2025-06-03,P142,W8,32,6752
2025-12-15,P193,W7,45,90450
2024-06-27,P105,W4,3,3945
2025-12-02,P139,W1,14,19754
2025-04-19,P194,W9,7,980
2024-03-20,P173,W4,16,28480
2025-03-21,P125,W3,28,26628
2024-09-12,P145,W2,26,63726
2025-10-07,P114,W10,48,48240
2025-05-24,P154,W8,36,4896
2025-04-30,P151,W2,35,36855
2024-12-01,P180,W1,20,3780
2024-01-06,P117,W10,4,628
2024-09-14,P103,W2,18,27900
2025-08-28,P145,W2,22,45430
2024-09-26,P135,W8,45,28215
2024-12-08,P176,W8,31,49724
2025-09-10,P165,W1,39,71955
2024-06-11,P121,W3,34,34986
2024-09-15,P178,W9,25,60100
2024-03-22,P119,W10,47,57669
2025-10-19,P198,W9,40,55920
2024-04-07,P163,W3,20,49960
2024-03-11,P139,W7,36,55152
2025-02-24,P180,W8,8,8056
2024-07-21,P187,W4,14,30100
2025-12-09,P106,W5,41,43501
2025-07-19,P182,W3,19,23617
2024-08-31,P167,W4,49,34006
2025-01-19,P116,W9,46,65550
2024-10-22,P190,W4,23,44896
2024-02-16,P194,W4,5,9450
2025-10-05,P123,W4,29,16907
2024-08-09,P128,W4,23,54510
2025-05-13,P109,W7,19,36727
2025-11-05,P102,W9,31,37820
2025-12-06,P121,W8,38,61712
2024-12-06,P111,W9,28,37380
2025-02-15,P103,W5,24,54144
2024-08-16,P180,W5,4,5900
2025-02-18,P108,W2,12,28380
2024-02-20,P113,W7,23,47426
2025-12-10,P121,W4,46,75578
2025-11-14,P138,W8,2,1692
2025-12-18,P173,W3,31,68696
2024-01-15,P200,W4,46,72082
2024-06-15,P137,W8,3,1545
2024-10-19,P168,W5,29,23142
2025-04-05,P121,W6,36,40500
2025-10-26,P191,W7,46,15410
2025-04-14,P148,W4,31,69843
2025-12-15,P133,W9,29,56666
2024-05-27,P187,W9,15,23505
2025-04-16,P131,W1,40,48800
2025-12-14,P166,W2,33,10659
2025-02-18,P177,W2,46,42826
2024-10-07,P103,W5,27,49896
2024-06-09,P152,W2,7,7756
2024-12-01,P119,W8,9,8289
2025-12-21,P177,W9,21,16989
2025-02-28,P192,W8,28,6888
2025-03-16,P130,W1,17,35785
2025-07-19,P102,W7,45,6345
2025-08-05,P154,W1,7,3654
2024-03-02,P190,W6,42,57204
2025-01-30,P153,W6,1,1989
2025-02-01,P127,W9,33,35574
2025-10-23,P107,W10,13,8359
2024-02-08,P181,W8,24,17904
2025-11-30,P184,W6,10,8310
2025-01-22,P102,W5,2,1500
2025-01-08,P180,W5,15,35205
2024-12-09,P189,W4,23,45103
2025-06-08,P167,W10,22,45804
2024-03-10,P138,W2,10,8670
2024-06-19,P165,W10,29,44022
2025-03-03,P144,W5,30,35310
2025-01-15,P108,W2,49,82124
2025-05-03,P156,W10,46,100050
2025-12-01,P135,W9,45,26325
2025-07-23,P143,W6,33,14058
2024-07-08,P171,W9,44,42152
2024-09-29,P134,W9,46,37996
2025-07-24,P159,W6,2,1904
2024-11-03,P147,W7,38,52782
2025-11-05,P153,W6,2,2038
2025-06-08,P184,W4,29,24070
2025-06-17,P195,W6,49,21903
2025-08-22,P159,W10,26,4498
2025-03-09,P187,W9,5,10965
2025-02-06,P123,W7,14,12278
2025-07-17,P173,W1,10,21720
2025-09-08,P186,W7,19,22743
2025-12-09,P106,W1,42,37002
2025-12-29,P136,W7,35,76160
2025-02-16,P127,W1,34,29002
2025-12-24,P199,W7,5,1750
2025-10-10,P100,W2,43,97567
2024-12-18,P119,W9,13,2652
2024-12-03,P175,W1,3,4938
2024-12-17,P184,W2,2,938
2024-11-27,P129,W9,42,31668
2025-06-17,P178,W9,25,29425
2025-10-16,P176,W4,33,3927
2025-05-25,P149,W6,48,73056
2025-11-25,P126,W6,14,9520
2024-08-27,P161,W10,3,4149
2025-03-19,P187,W1,38,27512
2025-07-06,P186,W3,13,8710
2025-08-28,P198,W3,42,46494
2024-08-27,P156,W5,35,62125
2024-05-21,P121,W1,39,18720
2024-12-28,P174,W10,16,27888
2025-06-15,P150,W10,34,80172
2024-07-04,P155,W4,4,6744
2025-07-18,P150,W10,49,10143
2024-01-12,P148,W1,5,7065
2024-04-13,P173,W9,27,43092
2024-06-05,P156,W7,26,34060
2025-01-16,P148,W7,22,45474
2024-02-29,P146,W5,15,11595
2025-03-22,P163,W3,26,58370
2025-08-18,P151,W10,46,110032
2024-12-16,P119,W3,13,9984
2025-08-23,P133,W1,19,14706
2024-06-23,P149,W8,23,23000
2024-09-29,P173,W5,38,42446
2024-08-01,P174,W6,38,89566
2024-07-04,P149,W9,20,38100
2025-11-24,P130,W10,6,3096
2025-09-28,P129,W8,21,46347
2024-08-04,P132,W5,28,26908
2024-10-19,P118,W8,26,47892
2025-10-26,P119,W1,8,13208
2024-10-24,P141,W8,34,8058
2024-07-02,P124,W3,12,10416
2025-07-20,P121,W10,30,49710
2024-06-19,P130,W10,21,4914
2024-11-07,P143,W8,7,2653
2024-05-15,P180,W3,37,37000
2025-09-28,P185,W8,45,70065
2025-01-03,P199,W2,26,40430
2025-10-02,P141,W8,22,13156
2025-04-03,P112,W7,2,2396
2024-06-17,P150,W4,30,70320
2025-06-16,P141,W8,47,51559
2025-05-24,P190,W7,47,94893
2024-07-27,P179,W10,31,40579
2025-10-03,P132,W7,40,29080
2025-07-24,P152,W4,14,5796
2024-07-14,P197,W10,41,16892
2025-10-26,P158,W4,42,90426
2024-08-17,P148,W9,24,37440
2024-07-15,P197,W2,46,92598
2024-02-27,P124,W1,36,44604
2025-09-28,P187,W6,4,7216
2024-02-15,P172,W3,37,62863
2025-04-16,P162,W8,15,28545
2024-07-30,P167,W4,20,8600
2024-02-02,P188,W10,42,68754
2024-04-26,P154,W3,12,15108
2024-10-24,P150,W2,42,104790
2025-12-05,P165,W7,26,12090
2025-11-12,P142,W7,41,45469
2024-08-05,P173,W5,42,70182
2025-09-30,P117,W2,28,60312
2024-06-06,P147,W4,45,59265
2025-12-30,P145,W7,31,18383
2025-05-10,P104,W5,47,40044
2024-06-29,P132,W3,29,7105
2025-09-01,P182,W2,47,5264
2024-06-05,P103,W10,14,2282
2024-03-03,P183,W9,33,66528
2025-01-15,P183,W2,34,51306
2024-07-08,P147,W8,5,6485
2025-09-30,P184,W9,16,17136
2024-12-21,P104,W7,29,19604
2024-04-12,P187,W7,29,4988
2024-05-12,P158,W9,47,12079
2025-04-15,P170,W5,34,16014
2025-10-22,P132,W9,35,70035
2025-03-10,P107,W6,40,95840
2025-09-21,P114,W2,30,61050
2025-07-24,P164,W9,23,30843
2025-11-11,P164,W6,27,42012
2024-05-12,P119,W5,29,30218
2025-12-14,P144,W8,37,87024
2025-09-29,P105,W1,31,67332
2024-12-12,P192,W7,36,45324
2024-11-20,P186,W1,21,46347
2024-11-12,P150,W7,16,11408
2024-12-04,P145,W7,38,39596
2024-08-14,P185,W2,12,8244
2025-02-09,P171,W6,25,18825
2024-03-04,P185,W4,5,9040
2025-12-04,P115,W1,18,26604
2024-10-29,P182,W3,36,87552
2024-11-25,P162,W10,33,75339
2025-11-13,P100,W4,15,18690
2024-11-30,P121,W8,4,3136
2024-11-10,P147,W9,20,42120
2025-12-24,P169,W1,11,3014
2025-05-31,P151,W7,3,7263
2024-03-01,P111,W4,26,45578
2024-03-16,P143,W10,23,4048
2025-04-02,P144,W8,27,10665
2025-04-27,P181,W6,23,19734
2025-01-30,P122,W1,48,105696
2024-03-06,P100,W1,8,2704
2025-06-07,P160,W6,30,61320
2024-10-26,P193,W10,32,18016
2024-03-22,P151,W6,29,7801
2024-01-27,P160,W7,32,9184
2025-04-07,P187,W4,8,10344
2025-04-13,P137,W2,28,34776
2024-12-31,P139,W6,30,34500
2024-05-28,P184,W6,5,2550
2025-05-23,P110,W8,34,10608
2024-04-10,P141,W8,35,67200
2024-08-01,P117,W2,7,8281
2024-02-24,P104,W6,8,8552
2024-06-22,P132,W4,5,5560
2025-03-29,P176,W6,19,28405
2025-04-25,P100,W7,14,23086
2025-05-10,P105,W7,11,6457
2025-03-24,P153,W1,43,67123
2025-12-17,P168,W7,5,1090
2025-06-14,P174,W10,7,12089
2025-08-23,P193,W10,35,48090
2024-01-21,P150,W7,1,2087
2025-01-17,P102,W9,5,12400
2024-09-05,P188,W1,44,16148
2025-06-13,P199,W9,11,18062
2025-09-01,P127,W1,13,18811
2025-12-06,P156,W5,25,39600
2025-02-16,P171,W4,33,77022
2025-08-22,P121,W8,19,10298
2024-07-04,P123,W8,14,22330
2024-04-30,P129,W7,46,11224
2025-08-04,P158,W8,33,69399
2025-02-17,P150,W3,29,57565
2025-08-03,P115,W10,49,96677
2024-09-19,P128,W1,30,59280
2025-04-27,P107,W4,27,66582
2024-03-03,P182,W5,1,443
2025-06-19,P173,W9,35,14525
2025-02-27,P137,W10,25,38325
2024-11-03,P179,W1,7,2709
2024-11-28,P120,W7,40,91040
2025-01-13,P122,W8,9,16524
2024-04-25,P109,W5,28,55076
2025-09-15,P147,W1,16,39568
2024-12-02,P200,W7,19,10659
2025-10-25,P149,W8,9,15795
2025-08-22,P148,W1,35,59850
2024-07-06,P168,W1,22,32186
2024-04-29,P200,W4,44,27984
2025-04-11,P149,W7,32,79776
2025-01-01,P182,W9,33,29238
2025-12-05,P191,W10,10,16540
2025-10-01,P138,W9,15,6435
2025-08-14,P179,W5,40,34120
2024-07-10,P195,W7,8,19768
2024-12-05,P126,W4,3,4386
2025-06-26,P200,W2,1,250
2025-06-29,P185,W5,6,12444
2025-09-10,P179,W2,23,2852
2024-03-01,P164,W2,7,14308
2025-07-16,P173,W4,11,7183
2024-05-04,P199,W10,38,27626
2024-08-20,P147,W7,46,30314
2025-10-20,P127,W8,26,53716
2025-01-26,P182,W10,26,20358
2024-09-11,P112,W6,29,62437
2025-01-10,P138,W10,26,18980
2025-07-02,P146,W3,4,3268
2024-09-14,P178,W8,11,16830
2024-03-13,P166,W7,15,28155
2025-03-05,P152,W4,30,22200
2024-06-07,P163,W2,32,9856
2025-08-20,P161,W4,3,7092
2025-04-20,P121,W5,12,4296
2024-03-14,P192,W3,37,56647
2024-04-24,P150,W2,6,8556
2024-05-23,P175,W1,37,64602
2025-05-07,P152,W6,12,7824
2024-09-24,P181,W7,49,38563
2025-06-26,P191,W10,13,30420
2025-08-11,P152,W10,1,437
2025-05-22,P155,W1,33,16533
2024-01-29,P168,W9,35,65275
2025-11-20,P151,W7,16,37056
2025-05-19,P177,W5,21,4935
2024-09-05,P130,W7,47,6721
2025-09-29,P104,W2,10,17220
2024-09-08,P174,W7,22,9086
2024-11-29,P191,W4,34,9826
2024-06-29,P115,W3,33,12969
2025-11-15,P128,W9,9,4347
2025-01-10,P113,W7,39,58890
2025-02-26,P175,W2,2,4934
2025-12-17,P178,W5,29,40281
2025-06-27,P180,W5,46,20194
2025-06-16,P148,W4,39,93717
2024-07-17,P178,W3,11,24563
2024-08-06,P116,W3,37,38961
2025-12-20,P172,W1,44,109032
2025-09-13,P136,W3,49,45913
2025-10-20,P113,W8,12,18900
2025-01-22,P103,W2,22,11242
2024-01-14,P175,W2,10,17060
2025-09-25,P180,W5,43,17888
2024-06-24,P178,W1,17,14705
2024-12-14,P177,W10,18,2358
2024-09-24,P150,W3,35,75005
2024-12-11,P187,W1,23,23069
2024-08-06,P168,W6,32,31232
2024-02-10,P133,W9,17,16575
2025-10-21,P143,W5,36,7416
2025-03-11,P111,W8,10,23960
2024-08-03,P123,W3,5,10710
2024-05-21,P176,W7,18,12348
2024-05-21,P119,W3,41,38171
2025-08-25,P111,W10,1,1395
2024-11-14,P132,W3,32,46016
2025-09-18,P107,W7,13,30069
2024-05-13,P120,W9,45,50040
2024-08-18,P176,W9,34,70516
2025-10-08,P186,W7,38,7220
2025-10-07,P171,W8,9,1791
2024-10-05,P143,W2,29,14674
2024-03-31,P188,W2,30,32610
2024-10-16,P172,W5,43,16297
2024-03-29,P119,W3,43,94557
2025-03-24,P141,W8,16,38208
2025-08-15,P147,W9,38,38836
2025-01-05,P151,W7,23,54142
2024-12-08,P133,W3,44,18964
2024-12-06,P125,W2,8,8840
2025-05-23,P171,W7,26,39702
2025-08-18,P116,W3,27,38637
2025-01-30,P190,W7,49,96824
2025-12-04,P106,W2,32,22080
2024-05-25,P129,W8,38,85500
2025-05-08,P198,W3,4,3976
2024-04-17,P166,W8,16,12112
2024-05-20,P167,W2,33,34551
2025-04-16,P134,W9,43,24166
2024-12-08,P148,W6,31,22010
2025-11-05,P113,W4,24,37464
2025-01-10,P188,W5,5,2510
2024-01-26,P115,W6,43,31476
2024-10-31,P138,W2,10,1620
2024-04-04,P199,W10,4,488
2025-10-10,P150,W4,23,48162
2024-04-14,P172,W6,43,19436
2024-12-18,P106,W7,41,8897
2024-10-10,P141,W8,15,28800
2025-06-18,P133,W8,34,73202
2024-01-31,P113,W8,26,3666
2024-03-19,P150,W10,22,46398
2024-04-16,P188,W6,4,1248
2024-09-11,P120,W9,42,53592
2025-12-19,P159,W10,37,82769
2024-03-08,P141,W4,39,49062
2025-09-06,P162,W10,12,26448
2025-07-16,P119,W10,23,17963
2025-02-24,P129,W9,30,9210
2024-03-07,P140,W2,5,11250
2024-06-24,P140,W5,18,15570
2024-02-14,P164,W7,5,12325
2024-05-18,P187,W3,28,62468
2024-07-04,P119,W8,24,45072
2024-11-26,P109,W9,33,44088
2025-09-30,P111,W3,36,57132
2024-05-03,P156,W8,28,7476
2025-06-05,P171,W9,35,74970
2025-07-05,P184,W3,9,15255
2025-06-26,P142,W7,7,4732
2024-10-12,P100,W1,47,47611
2025-06-23,P144,W4,23,12696
2024-06-23,P148,W8,28,57736
2024-02-03,P158,W3,38,75924
2024-10-19,P174,W7,22,7348
2024-08-13,P104,W4,38,5130
2025-03-22,P148,W2,12,9120
2024-04-11,P158,W5,14,33026
2025-07-07,P147,W3,26,61152
2024-10-12,P151,W9,42,68922
2024-02-13,P177,W6,9,2448
2025-12-22,P141,W1,1,1809
2024-06-02,P103,W8,31,52700
2025-10-29,P154,W10,34,6664
2025-06-19,P149,W6,33,63195
2025-10-16,P139,W3,45,62820
2025-09-06,P174,W7,7,10647
2025-12-10,P167,W10,30,19620
2025-05-02,P161,W8,18,10710
2025-10-09,P178,W4,19,16093
2024-05-28,P106,W6,25,30175
2025-05-02,P149,W3,27,26487
2025-04-28,P148,W10,13,12701
2025-07-22,P167,W4,46,112976
2025-08-13,P101,W6,4,9240
2024-11-28,P197,W4,26,27716
2024-01-19,P162,W1,2,1576
2025-10-07,P174,W5,33,28809
2025-07-05,P134,W5,25,27175
2024-01-22,P121,W6,24,52440
2025-04-11,P111,W7,28,34020
2025-03-05,P143,W3,39,49569
2024-04-07,P183,W8,46,101890
2025-01-16,P160,W7,35,55755
2024-11-13,P138,W1,28,31696
2025-02-10,P138,W7,26,2808
2024-09-17,P115,W4,5,5000
2024-08-28,P200,W8,29,8729
2024-06-14,P150,W9,1,2115
2024-08-31,P179,W7,49,72814
2025-02-13,P144,W1,23,22149
2024-10-22,P178,W10,12,28896
2025-04-10,P178,W5,48,88704
2024-12-28,P173,W5,16,1696
2025-10-02,P179,W6,39,90285
2025-04-23,P109,W1,9,21258
2025-08-15,P147,W9,27,15498
2025-05-22,P192,W9,10,21960
2025-11-03,P156,W5,25,36975
2025-11-15,P176,W7,22,41624
2024-10-06,P166,W8,43,93396
2025-11-16,P191,W3,25,42350
2025-07-26,P189,W8,5,4950
2025-03-02,P113,W9,11,9064
2024-07-29,P178,W9,30,37740
2025-08-11,P121,W7,36,64260
2025-05-30,P112,W2,23,29670
2025-12-27,P195,W1,34,35122
2024-10-15,P179,W6,46,18630
2024-01-23,P106,W4,20,42000
2025-01-21,P126,W10,45,92970
2024-08-22,P174,W7,44,95348
2025-03-27,P188,W5,16,3648
2024-10-06,P154,W8,36,12060
2025-09-24,P169,W4,29,11107
2024-07-19,P115,W8,38,93290
2025-04-25,P168,W1,9,17685
2025-06-02,P122,W9,44,13684
2024-04-27,P118,W1,9,16713
2025-04-24,P138,W1,11,26983
2024-12-18,P129,W2,13,17368
2024-03-17,P126,W3,7,12719
2025-04-08,P157,W10,14,20118
2025-03-07,P162,W7,16,27936
2024-01-09,P179,W6,5,2070
2024-12-31,P185,W3,15,8805
2024-10-19,P124,W6,35,54145
2025-03-27,P104,W5,47,93671
2025-08-12,P121,W1,36,58932
2025-02-18,P122,W8,10,11410
2024-12-31,P141,W6,21,27510
2024-01-12,P149,W7,12,7392
2025-05-10,P128,W1,21,7077
2024-01-29,P182,W6,46,63204
2025-07-05,P111,W5,6,14406
2025-03-06,P181,W10,25,34475
2025-03-06,P140,W3,36,7956
2025-01-31,P172,W10,17,13668
2024-01-30,P143,W7,33,56034
2024-12-01,P194,W4,35,22015
2024-11-06,P131,W8,33,35673
2025-02-24,P190,W8,19,5643
2025-11-03,P148,W10,42,76230
2024-07-07,P143,W4,36,47844
2024-11-30,P160,W2,35,31220
2025-09-11,P167,W2,42,82782
2024-12-21,P150,W9,33,61347
2024-06-18,P193,W1,20,10280
2025-08-29,P145,W9,31,44702
2025-06-25,P174,W3,7,4676
2025-10-22,P164,W5,13,20358
2025-12-22,P191,W10,31,38130
2025-11-13,P157,W6,17,17731
2024-12-20,P149,W1,20,9740
2025-10-08,P192,W10,6,5178
2024-11-02,P155,W3,16,21040
2024-11-30,P171,W2,24,42384
2025-10-16,P159,W4,11,3201
2024-04-04,P131,W5,12,19524
2025-04-01,P164,W10,35,5635
2024-11-24,P139,W7,30,38430
2025-08-12,P147,W7,33,76923
2025-04-11,P189,W9,24,30600
2024-07-20,P174,W6,29,4524
2025-06-14,P174,W7,9,10719
2025-12-01,P158,W2,24,21168
2024-05-12,P124,W5,2,780
2024-03-16,P155,W8,42,8820
2024-09-30,P114,W4,38,68590
2025-08-13,P160,W9,1,1435
2025-12-30,P187,W10,43,99158
2025-03-23,P138,W3,16,21232
2024-10-12,P123,W10,18,32688
2024-11-30,P107,W9,12,9696
2025-02-18,P197,W7,26,35984
2024-11-24,P154,W8,28,52220
2024-07-27,P183,W5,10,12670
2025-02-07,P122,W7,1,1071
2024-06-28,P117,W9,37,39035
2024-12-10,P155,W9,48,74736
2024-04-12,P121,W8,37,49987
2025-01-07,P127,W1,20,44640
2025-09-06,P179,W10,17,37162
2025-04-23,P149,W4,27,36396
2024-02-23,P149,W10,40,90880
2024-12-18,P127,W5,9,4806
2024-06-03,P171,W8,18,18432
2024-12-08,P191,W3,45,73440
2025-08-12,P115,W2,2,2680
2024-01-10,P105,W5,27,67176
2025-04-04,P199,W2,48,74208
2025-08-14,P114,W1,25,29800
2024-05-06,P185,W5,43,56717
2024-05-18,P181,W7,4,2896
2025-02-12,P141,W1,43,26918
2024-02-20,P166,W3,8,3560
2025-07-29,P159,W6,44,95128
2025-08-04,P115,W6,15,19860
2024-02-25,P103,W8,46,45356
2024-05-14,P114,W6,4,1644
2024-11-22,P200,W2,19,10944
2024-01-28,P155,W5,45,80415
2025-06-08,P126,W4,28,8988
2025-04-14,P102,W10,42,54852
2025-09-04,P114,W10,4,2888
2024-01-31,P193,W3,30,30090
2024-08-31,P138,W1,19,19399
2025-07-12,P182,W9,8,8032
2024-02-22,P156,W3,31,69936
2025-12-28,P115,W1,20,16500
2025-08-16,P125,W10,2,2314
2024-01-19,P166,W3,12,11988
2025-07-03,P159,W8,19,26942
2025-08-20,P166,W9,20,17820
2024-01-10,P125,W2,12,9036
2024-01-27,P130,W9,2,3926
2024-06-24,P159,W10,16,37920
2025-10-06,P124,W10,4,5172
2025-08-27,P172,W10,35,80920
2025-07-20,P167,W4,12,6156
2025-05-24,P196,W10,11,3322
2025-10-16,P198,W9,18,4302
2024-03-16,P138,W8,29,28275
2024-05-08,P193,W7,32,56128
2025-02-04,P133,W8,13,26013
2024-03-15,P101,W1,17,24004
2025-10-01,P196,W10,10,17960
2025-01-09,P122,W1,37,75628
2024-05-18,P155,W10,36,39132
2025-06-03,P152,W1,5,11925
2024-06-19,P174,W5,12,7056
2024-06-11,P118,W7,41,21894
2024-11-13,P189,W10,45,60660
2024-01-06,P200,W9,5,10360
2025-07-18,P123,W9,1,416
2025-06-27,P103,W6,42,44772
2025-05-13,P124,W9,15,1800
2025-11-14,P104,W8,17,23647
2024-08-21,P128,W3,45,15255
2025-10-30,P162,W9,26,29120
2025-08-06,P106,W4,23,54234
2024-03-26,P105,W1,17,28628
2025-09-05,P152,W3,31,54467
2024-07-16,P168,W1,17,14433
2025-04-02,P198,W8,36,15084
2024-01-22,P137,W8,17,29971
2024-11-17,P182,W9,16,29136
2025-09-11,P130,W5,29,17719
2024-12-05,P192,W5,38,71668
2025-08-02,P111,W1,21,34776
2025-02-11,P122,W9,39,34827
2024-09-04,P140,W4,40,15000
2024-10-26,P165,W9,20,10120
2025-01-19,P186,W7,10,2140
2024-12-19,P117,W6,20,39780
2024-12-14,P141,W1,28,5516
2025-12-23,P114,W7,26,58656
2024-11-20,P136,W3,22,37642
2025-01-09,P110,W3,7,12005
2025-12-28,P152,W10,3,1452
2025-07-30,P115,W5,31,75299
2025-05-06,P199,W9,9,13032
2025-08-09,P161,W1,8,15272
2025-06-13,P149,W8,41,24600
2024-12-15,P132,W9,41,24231
2025-08-19,P173,W10,21,38514
2024-04-04,P190,W7,34,13770
2024-11-16,P113,W5,30,52650
2025-11-24,P179,W1,35,25690
2024-05-04,P122,W7,14,24416
2025-04-03,P200,W4,7,12061
2024-02-14,P179,W3,45,20205
2025-11-06,P103,W5,12,17484
2025-08-05,P127,W6,9,9270
2024-11-24,P103,W2,9,21168
2025-04-16,P134,W3,1,2452
2025-06-15,P165,W1,10,20290
2025-10-19,P103,W6,14,28910
2024-05-15,P153,W4,12,2364
2025-11-17,P177,W3,8,1248
2025-06-27,P115,W9,15,17535
2024-12-27,P181,W7,26,27664
2024-11-08,P181,W4,18,19296
2024-09-14,P158,W6,32,14496
2025-02-25,P183,W7,2,2648
2024-06-10,P158,W5,21,27510
2024-09-05,P193,W1,13,20722
2025-07-13,P151,W4,27,34614
2025-02-12,P136,W1,33,61347
2025-07-09,P125,W5,2,4146
2024-03-23,P138,W9,6,10932
2024-10-01,P126,W1,39,79170
2024-02-18,P155,W7,40,81480
2025-03-05,P178,W3,22,34672
2025-01-16,P188,W6,26,23478
2025-11-01,P182,W2,38,74556
2024-10-31,P133,W1,21,35889
2025-10-05,P124,W5,20,16160
2025-06-29,P139,W1,24,34872
2024-05-29,P161,W7,28,14980
2024-07-29,P102,W4,8,13184
2025-10-15,P102,W6,41,48995
2024-08-24,P177,W10,47,44133
2024-01-19,P106,W4,15,16005
2025-08-13,P184,W2,44,54780
2025-11-25,P148,W5,35,13860
2024-12-09,P144,W4,49,36946
2025-07-30,P113,W9,47,11139
2024-04-17,P135,W2,37,27824
2025-09-05,P140,W4,8,8720
2025-03-09,P156,W6,12,27036
2024-12-24,P180,W3,13,22620
2024-10-12,P140,W8,15,3150
2025-01-08,P106,W2,1,199
2024-09-07,P101,W7,28,3332
2024-11-04,P164,W5,42,9828
2025-02-06,P166,W1,37,26899
2024-02-27,P118,W4,1,1990
2025-12-07,P160,W5,24,16512
2025-03-31,P148,W2,1,908
2024-04-16,P190,W8,24,40512
2025-12-25,P143,W4,14,23772
2024-02-27,P139,W4,21,28539
2024-02-12,P194,W2,29,12876
2024-07-14,P118,W5,38,4066
2025-05-23,P147,W2,47,32101
2024-12-16,P178,W3,5,3840
2024-03-14,P134,W6,35,59220
2025-04-28,P184,W10,24,47688
2024-06-23,P117,W6,26,52936
2024-08-17,P138,W2,27,43524
2024-11-01,P187,W8,35,85505
2025-10-05,P186,W3,33,40062
2024-10-14,P172,W3,28,41692
2025-03-12,P167,W3,43,20167
2024-10-05,P191,W3,12,18048
2024-12-08,P104,W6,29,44399
2025-06-13,P168,W4,31,11749
2024-02-04,P172,W8,27,53676
2025-12-23,P175,W4,30,72390
2024-10-05,P178,W3,22,51612
2024-08-23,P167,W8,7,9107
2025-04-27,P129,W3,7,17458
2025-01-27,P179,W8,28,18508
2024-09-16,P155,W1,31,46097
2024-09-23,P183,W2,6,9288
2024-04-03,P137,W1,15,14280
2024-03-08,P176,W10,13,8554
2024-09-18,P189,W6,40,32840
2025-12-21,P200,W7,10,3510
2024-02-02,P125,W6,18,33444
2025-02-13,P137,W2,18,36054
2024-11-07,P122,W4,22,34760
2025-04-04,P106,W6,12,7428
2025-04-26,P134,W9,18,18792
2024-08-20,P112,W6,37,14763
2025-01-18,P158,W8,14,30744
2025-04-24,P194,W7,10,5430
2024-04-09,P198,W6,2,4508
2025-08-09,P188,W8,25,39150
2025-12-25,P149,W3,14,5488
2024-05-28,P198,W10,23,50117
2025-03-20,P168,W8,35,33040
2024-08-28,P166,W10,14,8736
2024-02-28,P136,W5,13,17706
2024-01-10,P182,W6,5,8095
2025-07-10,P176,W8,8,13280
2024-11-22,P111,W1,17,31467
2024-11-02,P189,W5,42,51366
2024-09-11,P148,W2,10,17250
2025-04-28,P129,W6,18,28458
2024-07-15,P101,W7,37,49987
2024-01-14,P140,W3,35,76930
2025-06-20,P133,W3,35,62895
2024-11-09,P150,W7,37,35631
2025-11-18,P125,W3,15,12510
2024-10-18,P123,W7,47,62510
2024-10-27,P190,W9,9,4158
2024-11-19,P114,W6,45,19980
2025-02-08,P137,W9,13,6903
2024-04-07,P158,W10,22,14564
2024-03-11,P179,W3,31,55676
2024-02-10,P123,W2,7,17192
2024-06-17,P146,W6,22,15158
2025-04-22,P175,W2,19,30153
2025-07-16,P125,W1,9,16731
2025-10-28,P125,W7,47,18659
2025-09-21,P115,W10,29,34713
2025-01-08,P159,W6,22,18502
2024-09-09,P117,W7,8,8496
2025-01-23,P101,W7,48,42432
2025-03-20,P177,W3,23,9752
2024-08-18,P175,W8,12,9600
2024-09-27,P127,W8,31,70184
2025-02-25,P108,W5,22,27170
2025-05-27,P177,W4,32,6240
2024-12-24,P145,W3,2,3878
2025-01-19,P118,W5,15,24975
2024-05-21,P159,W1,32,53024
2024-05-16,P181,W1,44,23188
2025-03-02,P177,W8,39,43056
2025-11-03,P154,W10,8,17864
2025-04-28,P125,W8,9,4941
2024-12-10,P154,W9,38,8132
2025-07-26,P185,W3,25,2725
2025-07-16,P193,W7,22,14498
2025-07-03,P125,W7,45,46305
2025-06-30,P183,W7,49,53802
2024-06-12,P136,W7,45,17865
2024-09-15,P135,W7,18,34308
2024-02-22,P191,W2,49,12250
2024-08-20,P184,W9,39,68757
2024-04-22,P135,W8,43,18017
2025-08-14,P140,W9,35,85785
2024-07-10,P190,W3,49,65219
2024-09-10,P133,W10,48,10752
2024-07-05,P178,W3,12,3120
2024-07-25,P129,W9,28,69300
2025-04-15,P107,W10,39,25818
2024-06-28,P171,W9,19,45448
2025-06-04,P121,W3,38,65816
2025-06-03,P182,W9,26,42302
2025-08-05,P135,W3,25,36650
2024-06-01,P154,W3,30,49050
2024-02-29,P133,W4,45,103185
2024-03-24,P164,W4,24,3456
2024-05-20,P108,W8,49,20090
2025-01-09,P130,W2,12,29052
2024-12-27,P143,W4,28,62020
2024-07-03,P116,W7,48,113424
2024-01-24,P155,W9,3,7212
2024-03-25,P131,W5,13,13468
2024-06-19,P191,W9,41,6683
2024-03-22,P186,W7,28,38948
2025-05-10,P154,W10,38,12578
2025-07-16,P134,W2,8,13528
2024-11-06,P145,W5,16,7344
2025-10-20,P199,W7,42,91728
2025-10-22,P188,W8,47,64719
2024-01-06,P168,W6,30,44730
2025-05-21,P134,W7,38,93632
2024-07-20,P180,W10,16,2432
2024-10-11,P154,W7,9,4617
2024-11-05,P122,W6,21,26607
2024-03-14,P165,W2,23,54625
2024-03-22,P139,W7,5,1115
2025-01-14,P102,W6,18,39942
2025-12-24,P154,W7,24,12312
2025-12-27,P144,W4,26,63024
2024-09-16,P120,W2,23,31326
2024-08-30,P128,W3,16,5072
2025-06-11,P188,W4,18,44910
2024-07-06,P175,W7,1,1026
2025-08-07,P189,W1,6,12198
2025-08-08,P119,W8,15,6375
2025-11-24,P112,W6,2,570
2025-11-17,P128,W3,21,32886
2024-02-25,P174,W8,16,20000
2025-04-25,P106,W9,6,4944
2025-04-15,P125,W5,48,85488
2024-11-08,P155,W8,10,11900
2025-05-31,P111,W4,11,24915
2024-01-22,P151,W3,40,15680
2025-05-17,P159,W8,39,56238
2024-05-23,P148,W10,33,32043
2024-07-24,P197,W3,42,31374
2024-02-29,P142,W5,4,4048
2025-04-05,P148,W5,28,27692
2024-05-04,P136,W7,37,88171
2025-12-25,P183,W9,20,41680
2025-10-11,P199,W5,28,63084
2025-02-06,P152,W5,48,111984
2025-12-05,P182,W5,49,49196
2025-01-01,P130,W9,4,9556
2024-01-28,P150,W3,13,4134
2025-03-08,P122,W6,29,14935
2025-03-30,P132,W8,24,49848
2025-01-11,P150,W2,43,60114
2025-01-06,P133,W9,2,2722
2025-06-02,P184,W4,11,25542
2025-10-27,P189,W10,21,15141
2025-12-07,P186,W4,33,32538
2024-09-03,P152,W4,12,5364
2025-11-25,P186,W10,29,12760
2024-09-29,P139,W1,46,18676
2024-06-23,P200,W2,45,7650
2024-04-28,P115,W1,22,16082
2025-02-10,P160,W4,25,16000
2024-04-02,P150,W1,48,97152
2024-06-01,P145,W9,18,27630
2025-01-13,P113,W10,42,18648
2025-10-02,P152,W7,31,44702
2024-06-23,P159,W4,49,11074
2024-11-11,P123,W7,4,540
2025-05-13,P157,W3,27,10827
2025-09-25,P102,W3,22,31856
2025-10-07,P193,W4,40,64400
2024-07-11,P199,W3,35,71925
2025-04-11,P137,W9,24,52944
2025-09-15,P195,W8,9,14355
2025-11-06,P142,W10,29,20880
2025-01-18,P153,W1,10,14470
2025-09-28,P103,W4,36,81540
2025-10-26,P136,W10,12,20040
2025-09-04,P199,W5,22,2904
2025-12-17,P109,W1,13,21554
2025-06-23,P131,W5,31,70711
2024-10-27,P149,W4,16,31072
2024-02-21,P101,W3,11,7326
2024-11-19,P155,W1,21,8484
2025-07-12,P164,W1,18,32184
2025-08-31,P134,W8,11,17182
2024-08-18,P162,W4,41,32718
2025-07-19,P125,W9,25,16250
2024-09-27,P176,W7,12,13980
2024-04-01,P140,W4,44,80740
2024-06-24,P114,W6,42,64722
2025-05-01,P128,W3,24,50136
2024-02-11,P184,W9,11,22176
2025-05-28,P200,W5,19,30096
2025-10-08,P174,W9,33,72303
2024-02-21,P125,W2,19,12388
2024-01-04,P192,W9,49,92708
2025-01-21,P190,W1,47,7661
2024-12-05,P111,W9,11,18293
2025-05-15,P113,W7,18,27900
2024-01-27,P156,W6,16,34816
2024-02-28,P162,W4,13,12337
2024-12-31,P189,W2,8,19144
2024-06-06,P156,W6,31,11098
2024-06-14,P128,W4,23,50853
2024-01-13,P187,W7,26,12740
2025-07-22,P114,W5,42,93492
2024-04-17,P184,W8,33,14850
2024-09-12,P153,W8,32,43584
2024-03-15,P187,W6,45,11160
2025-02-08,P198,W4,27,33939
2024-03-30,P116,W8,33,76065
2025-11-10,P182,W7,44,85844
2024-03-28,P110,W1,37,83435
2025-05-20,P178,W9,34,78778
2024-07-03,P120,W7,33,61677
2024-11-11,P158,W2,44,37576
2024-08-25,P150,W6,1,1519
2025-09-03,P130,W10,7,10962
2024-09-27,P118,W4,30,63930
2024-02-26,P188,W3,34,11662
2025-09-04,P116,W6,39,4407
2025-07-14,P172,W2,43,72111
2025-09-26,P113,W6,46,68908
2024-08-21,P192,W7,11,15378
2025-02-13,P136,W1,18,42768
2024-08-20,P111,W7,7,10395
2025-12-24,P148,W1,12,16272
2025-04-23,P112,W9,37,44141
2025-11-27,P122,W3,12,11340
2025-01-06,P145,W10,17,37281
2024-06-03,P180,W7,49,48314
2025-11-11,P199,W7,39,39039
2024-12-01,P142,W9,1,1202
2025-03-31,P191,W10,16,14944
2024-12-14,P185,W5,25,36725
2025-05-03,P155,W5,17,2941
2024-02-20,P108,W5,37,63048
2025-05-02,P127,W4,46,87400
2024-06-09,P135,W3,40,7960
2025-12-21,P179,W10,17,26418
2024-02-15,P116,W5,28,12656
2024-02-21,P101,W8,25,27075
2024-07-18,P143,W7,2,3808
2024-09-16,P194,W1,13,27209
2024-08-25,P189,W7,28,33096
2025-05-01,P138,W2,36,18540
2025-11-16,P185,W9,30,49710
2024-03-08,P100,W8,25,59375
2025-03-06,P107,W6,42,62160
2025-02-28,P195,W4,32,4160
2025-03-01,P176,W9,4,8696
2025-09-30,P141,W6,14,3374
2025-06-02,P175,W3,6,3960
2024-05-13,P129,W3,31,30876
2024-04-02,P184,W9,15,14535
2025-03-02,P184,W10,25,52200
2024-10-17,P126,W3,9,1188
2025-04-29,P137,W8,13,8177
2025-07-16,P145,W10,27,38232
2025-12-11,P189,W8,3,4323
2024-01-31,P148,W10,20,8660
2025-10-18,P187,W4,16,37472
2025-10-27,P164,W9,25,36375
2025-04-12,P151,W4,25,2775
2024-11-27,P154,W2,38,77710
2025-05-08,P129,W7,31,62682
2025-12-06,P172,W6,8,7512
2024-08-02,P188,W5,48,8016
2024-05-15,P118,W7,8,2168
2025-01-02,P166,W9,41,22837
2024-12-22,P111,W5,34,51816
2024-06-26,P182,W6,42,9072
2025-12-07,P180,W7,34,13498
2025-01-07,P145,W8,29,48024
2024-02-15,P124,W9,15,25800
2024-01-04,P132,W4,15,7485
2024-11-21,P143,W3,20,49800
2025-04-23,P150,W6,27,28350
2024-01-29,P127,W2,35,3850
2024-09-28,P108,W10,24,37944
2025-10-15,P186,W4,35,37380
2025-10-12,P130,W4,22,45804
2025-03-01,P120,W6,13,4277
2024-08-29,P190,W4,30,45210
2024-05-19,P113,W2,8,13912
2024-09-30,P169,W1,41,64124
2024-03-12,P149,W6,30,18510
2025-10-23,P156,W7,27,10746
2024-02-22,P139,W2,41,91594
2025-03-06,P154,W7,34,23188
2025-02-01,P191,W1,42,45654
2024-03-05,P195,W8,47,44086
2024-04-02,P127,W3,28,63140
2025-12-30,P152,W9,34,27812
2025-02-15,P111,W5,11,8789
2025-03-15,P138,W3,44,72512
2025-12-06,P151,W3,22,37312
2025-02-19,P200,W4,34,10982
2025-03-31,P167,W9,43,96664
2024-01-07,P168,W5,24,28008
2025-06-22,P196,W10,10,18150
2025-04-23,P135,W1,20,6820
2025-04-04,P142,W2,18,29592
2025-11-14,P111,W7,45,21015
2024-10-20,P153,W6,12,3420
2024-04-27,P113,W3,7,7245
2024-10-08,P162,W10,22,16038
2025-12-04,P180,W3,8,19744
2025-12-17,P187,W1,49,67375
2025-09-17,P134,W3,42,12096
2024-06-06,P168,W6,6,6780
2025-03-06,P118,W3,2,4294
2024-02-13,P171,W6,9,19260
2025-12-07,P146,W3,29,9483
2024-12-17,P129,W1,14,16576
2024-11-09,P109,W1,28,40040
2025-01-07,P119,W5,27,65691
2024-04-05,P108,W9,46,21298
2024-10-18,P125,W2,13,20059
2025-02-05,P162,W4,6,12816
2025-07-21,P176,W2,35,21910
2024-06-21,P143,W7,2,1964
2025-11-09,P146,W9,9,3897
2024-07-02,P127,W10,7,7658
2025-02-14,P156,W4,20,3640
2024-11-25,P156,W4,7,3969
2024-01-10,P152,W9,19,38608
2024-03-13,P105,W10,47,23124
2024-01-29,P123,W9,18,15174
2025-10-25,P151,W7,48,106512
2025-08-01,P136,W5,44,66572
2025-05-06,P106,W5,5,11195
2024-10-14,P151,W9,3,1551
2025-07-02,P157,W5,36,51696
2025-11-19,P140,W10,30,58050
2024-05-16,P191,W8,5,6060
2024-02-12,P198,W9,23,10212
2024-10-07,P133,W1,23,42872
2025-02-14,P158,W10,9,21897
2025-07-18,P181,W4,1,802
2024-12-08,P155,W3,12,6792
2025-11-04,P103,W5,12,24648
2025-08-07,P137,W5,48,53808
2025-03-14,P182,W10,13,21229
2025-06-26,P189,W2,14,19642
2025-09-22,P193,W7,1,1550
2025-06-01,P181,W9,7,6594
2025-08-12,P118,W6,35,10570
2025-10-24,P116,W9,15,27765
2024-07-05,P119,W1,38,44726
2024-09-14,P159,W1,45,75285
2025-03-03,P192,W10,19,23902
2024-12-18,P158,W9,12,29544
2024-04-22,P200,W4,1,1204
2025-10-19,P193,W9,16,25536
2025-01-23,P194,W7,12,14376
2025-09-25,P187,W9,3,3903
2025-11-21,P187,W2,41,86223
2024-10-22,P157,W4,16,5760
2024-08-07,P158,W3,13,11323
2025-03-20,P177,W10,16,32080
2024-08-05,P191,W1,15,29760
2025-08-01,P137,W3,30,58470
2024-07-18,P176,W10,35,63315
2025-07-17,P115,W3,11,22495
2025-05-31,P104,W5,38,93822
2024-10-25,P164,W9,46,92322
2024-08-05,P147,W8,7,12635
2024-08-18,P188,W5,49,83202
2025-07-12,P186,W9,49,54635
2025-04-19,P176,W3,40,77240
2025-02-15,P192,W7,1,2408
2024-05-07,P169,W1,36,71244
2024-11-12,P135,W10,19,30267
2024-10-27,P200,W4,34,24548
2025-06-20,P147,W6,32,25856
2025-10-06,P188,W8,10,16920
2025-10-14,P175,W1,37,68598
2025-07-14,P197,W7,46,80868
2025-08-14,P105,W4,26,52884
2025-09-14,P149,W9,28,4312
2024-04-06,P118,W5,38,94316
2025-10-07,P141,W6,19,16245
2025-12-10,P127,W5,15,32295
2025-04-26,P115,W1,5,6980
2025-11-16,P114,W10,31,74710
2024-12-04,P166,W3,48,50544
2024-05-15,P141,W7,18,5382
2024-02-25,P126,W3,13,19825
2024-03-05,P107,W6,42,39984
2025-08-06,P158,W10,35,83265
2024-01-24,P171,W8,12,8964
2024-05-21,P154,W4,37,79328
2025-02-06,P149,W5,44,50556
2024-06-06,P116,W1,9,3357
2024-10-23,P133,W1,44,74844
2025-08-15,P160,W1,49,25529
2024-01-09,P110,W5,39,26871
2024-12-18,P134,W8,7,7189
2025-03-22,P105,W7,3,771
2024-06-25,P149,W5,23,45540
2025-04-24,P164,W5,27,38583
2025-10-01,P157,W7,13,4329
2024-09-17,P150,W3,24,50904
2024-01-15,P116,W5,31,75020
2024-02-11,P150,W7,3,1716
2025-05-01,P189,W9,21,40362
2025-07-02,P173,W6,47,24393
2024-11-01,P183,W2,45,32445
2025-10-03,P138,W9,46,40756
2025-05-26,P134,W1,11,20812
2024-08-08,P168,W6,13,13117
2025-01-30,P129,W2,41,64821
2024-11-03,P196,W3,39,19383
2024-07-08,P160,W10,13,32357
2024-03-28,P149,W10,4,7048
2025-04-22,P111,W4,30,25530
2025-04-05,P101,W4,15,8880
2025-11-16,P150,W4,49,108829
2025-02-23,P122,W1,29,22620
2024-11-01,P112,W2,1,1920
2024-06-20,P157,W8,31,49910
2025-10-22,P190,W1,8,1928
2024-11-12,P116,W5,29,66845
2024-06-19,P121,W10,23,46138
2024-04-25,P111,W8,43,37969
2025-12-29,P110,W5,15,29970
2025-05-16,P136,W5,1,691
2024-03-12,P100,W4,7,13391
2025-02-02,P119,W6,45,71820
2024-09-10,P101,W7,10,5920
2025-10-23,P100,W6,24,52248
2025-12-05,P156,W8,37,64750
2024-08-18,P122,W7,47,53486
2024-07-12,P154,W4,1,2022
2025-01-01,P125,W10,3,7095
2025-04-10,P151,W7,15,26910
2025-07-11,P167,W5,41,98072
2024-10-10,P188,W8,30,10860
2025-06-01,P180,W1,12,11376
2025-07-04,P104,W3,41,39770
2024-12-20,P145,W10,38,57760
2024-01-19,P103,W10,8,14640
2025-02-21,P109,W3,16,20368
2024-08-10,P179,W10,29,64757
2025-10-22,P119,W1,44,65956
2025-09-19,P172,W2,40,45840
2025-06-29,P170,W6,10,16840
2025-11-26,P128,W4,6,4686
2024-02-01,P158,W6,25,13525
2024-09-11,P106,W4,46,93518
2024-06-16,P141,W10,26,19838
2025-09-02,P186,W5,25,49750
2024-06-11,P153,W7,11,2321
2024-05-05,P174,W2,6,600
2025-12-17,P157,W8,37,43956
2024-02-02,P149,W5,14,2506
2024-03-02,P184,W10,1,765
2025-08-11,P127,W4,10,1330
2025-01-09,P174,W10,43,73659
2025-09-13,P137,W10,10,22420
2025-09-02,P173,W10,23,21022
2025-03-23,P114,W5,11,12210
2024-08-01,P161,W2,6,14622
2025-01-30,P191,W10,48,49632
2025-06-24,P182,W8,21,21168
2024-04-23,P129,W6,40,16640
2025-08-05,P195,W1,15,35580
2024-05-08,P133,W6,1,1023
2025-10-12,P116,W6,2,3358
2024-12-04,P115,W8,42,64680
2024-09-14,P115,W2,29,5829
2025-11-28,P123,W1,44,93192
2025-05-09,P111,W3,28,11704
2024-09-29,P118,W3,48,61968
2024-12-13,P157,W7,13,18291
2024-06-19,P110,W3,12,23592
2025-09-10,P162,W7,37,22385
2024-10-25,P138,W3,27,66663
2024-07-07,P112,W6,22,53526
2024-12-18,P153,W2,40,64600
2025-10-10,P153,W4,19,42522
2024-08-25,P137,W10,29,11455
2025-10-05,P167,W9,13,19188
2025-02-24,P183,W4,15,22275
2025-10-30,P174,W5,33,21417
2024-12-19,P170,W2,42,68922
2024-12-17,P176,W5,6,5484
2024-12-04,P137,W7,34,25296
2024-10-07,P192,W10,45,99495
2024-06-19,P159,W5,23,16100
2024-01-09,P119,W6,4,3700
2024-04-09,P122,W5,39,71565
2024-03-13,P175,W8,13,22568
2024-09-21,P170,W5,16,21296
2025-10-02,P181,W7,37,90428
2025-11-30,P100,W5,15,7170
2025-12-10,P119,W8,42,43176
2024-02-21,P123,W10,37,82584
2025-03-19,P182,W9,31,46469
2024-12-02,P143,W9,26,39286
2024-02-11,P134,W2,39,96369
2024-03-27,P107,W1,4,5172
2024-12-25,P134,W8,46,64078
2025-11-02,P200,W5,17,10778
2024-10-19,P166,W1,14,23800
2024-05-27,P117,W8,9,17433
2024-11-06,P180,W6,49,113582
2024-01-17,P118,W1,1,1444
2025-07-02,P159,W6,11,23463
2025-09-28,P161,W8,6,5850
2025-07-30,P107,W7,30,61320
2024-05-22,P192,W7,49,65072
2024-05-23,P146,W9,27,6102
2024-01-01,P124,W3,22,11088
2025-01-21,P122,W10,15,18270
2024-11-12,P128,W1,6,6378
2024-03-15,P112,W5,10,2900
2024-11-25,P110,W9,39,38844
2024-06-20,P115,W6,6,14316
2025-05-14,P111,W7,43,20941
2025-06-17,P135,W7,43,47988
2024-01-03,P175,W5,12,11988
2025-01-11,P122,W6,30,19710
2025-12-09,P113,W5,19,4427
2025-04-08,P187,W9,29,60059
2025-09-11,P122,W1,34,83674
2024-06-26,P153,W4,6,10452
2024-01-07,P127,W3,49,13034
2024-05-18,P124,W6,14,29232
2025-04-13,P160,W3,24,50064
2024-07-19,P134,W3,16,13568
2025-02-04,P102,W8,3,6747
2024-06-28,P138,W6,38,85348
2024-08-17,P142,W10,48,105120
2024-08-17,P179,W9,3,3612
2024-12-19,P183,W5,14,12796
2025-12-18,P168,W4,15,23430
2025-06-01,P186,W9,41,59245
2024-01-28,P177,W7,46,111642
2025-08-02,P155,W9,36,51912
2025-01-08,P119,W3,4,5236
2025-09-17,P114,W7,31,59272
2025-08-24,P148,W4,1,1857
2024-04-20,P166,W4,47,66458
2024-09-25,P194,W7,27,46818
2024-02-03,P134,W3,33,16137
2025-10-01,P115,W1,13,5044
2025-02-16,P117,W5,36,57780
2024-05-24,P120,W7,25,18300
2024-02-07,P189,W7,9,13959
2024-09-13,P196,W2,23,51359
2025-01-16,P195,W5,33,59994
2025-01-22,P152,W1,9,3870
2025-02-02,P192,W9,1,398
2024-11-19,P131,W8,38,72542
2024-03-19,P187,W9,26,37778
2024-03-28,P170,W2,31,67983
2024-07-05,P154,W7,33,70851
2024-01-21,P199,W6,5,3405
2025-02-10,P171,W3,17,3502
2024-03-28,P151,W6,31,55087
2024-03-29,P124,W5,8,16728
2025-07-17,P176,W4,33,42306
2025-12-09,P142,W6,9,21204
2025-03-25,P112,W1,27,51003
2024-04-02,P145,W1,8,15088
2024-03-27,P128,W2,37,66489
2025-02-03,P192,W1,30,23520
2024-10-02,P177,W5,24,50832
2025-09-16,P133,W3,18,5346
2025-04-07,P153,W9,48,107472
2025-03-23,P175,W2,43,60974
2025-06-23,P167,W2,32,7840
2024-07-07,P161,W2,10,9880
2025-01-30,P134,W2,4,3524
2025-08-19,P101,W1,26,32708
2025-07-08,P196,W10,31,24707
2024-10-03,P111,W5,35,33110
2024-07-01,P122,W2,19,38228
2025-03-02,P104,W1,31,66123
2025-06-08,P126,W2,40,98080
2025-06-04,P143,W8,37,42069
2025-08-04,P129,W8,28,64540
2025-09-11,P178,W1,32,39296
2025-12-16,P109,W2,42,57540
2025-08-21,P128,W5,5,1375
2025-05-08,P144,W6,22,19514
2025-03-25,P167,W4,44,17732
2025-10-29,P158,W5,35,36645
2025-12-14,P197,W4,42,11592
2024-04-11,P165,W10,33,21285
2024-01-17,P146,W3,33,42603
2025-01-29,P194,W1,28,8344
2024-01-30,P166,W10,44,89012
2025-10-04,P106,W2,31,38688
2025-02-21,P171,W2,15,8850
2024-01-28,P102,W6,47,65001
2025-10-20,P150,W6,48,10416
2024-05-23,P139,W8,33,47718
2024-07-14,P200,W5,12,29436
2024-01-15,P188,W5,45,6660
2024-10-11,P115,W1,29,26709
2024-01-02,P148,W2,22,51546
2025-08-26,P112,W2,4,9492
2024-10-06,P165,W9,11,21153
2025-12-05,P153,W2,11,6842
2025-08-28,P188,W10,32,10752
2024-12-22,P146,W7,20,46280
2025-07-04,P116,W2,49,15729
2025-04-09,P114,W10,16,30224
2024-07-07,P133,W10,1,1936
2025-09-25,P163,W4,23,9913
2025-05-13,P130,W6,23,34730
2025-06-17,P169,W7,14,34286
2024-08-23,P189,W4,6,8208
2024-06-28,P200,W7,13,2964
2025-08-03,P174,W1,21,39123
2024-01-08,P132,W10,47,114304
2025-12-18,P139,W3,11,1518
2025-04-03,P100,W10,28,21616
2024-03-09,P180,W5,10,4450
2024-08-24,P155,W2,34,21590
2024-12-27,P140,W2,32,62784
2024-09-16,P112,W10,30,24420
2024-04-11,P133,W2,38,31578
2024-06-15,P132,W7,6,10374
2025-05-17,P121,W7,47,117077
2024-03-07,P186,W8,15,3240
2024-08-21,P192,W1,48,86688
2024-01-01,P196,W3,22,17864
2025-08-25,P181,W9,17,11101
2025-09-30,P100,W4,32,77280
2025-11-10,P164,W7,14,23744
2025-06-06,P120,W8,3,1194
2024-04-23,P182,W1,11,11649
2024-08-10,P158,W10,36,36900
2024-02-22,P156,W2,47,28341
2025-06-24,P126,W2,19,34371
2024-06-02,P198,W4,47,39997
2024-10-22,P107,W8,42,24360
2025-07-02,P109,W3,34,6154
2024-07-29,P139,W4,3,5934
2025-09-05,P138,W2,44,61776
2024-05-01,P107,W9,31,68603
2025-04-04,P195,W8,32,7040
2024-10-04,P162,W4,34,59296
2024-07-20,P134,W6,40,91960
2025-05-31,P106,W8,22,5170
2024-09-16,P155,W6,15,18870
2024-12-17,P176,W1,10,9690
2024-03-20,P160,W7,13,6929
2024-01-19,P171,W5,30,42960
2025-10-30,P183,W7,41,24436
2024-04-29,P108,W6,10,15950
2024-12-07,P149,W2,40,54600
2025-10-11,P177,W5,24,39936
2025-08-26,P145,W6,41,86674
2025-08-21,P128,W4,13,7605
2024-08-30,P154,W1,29,39005
2025-06-02,P104,W6,32,62784
2025-03-25,P146,W1,31,53134
2024-08-03,P180,W5,36,52956
2025-07-20,P191,W6,18,39096
2024-04-01,P140,W7,4,6828
2024-09-29,P174,W10,42,26880
2025-09-03,P191,W8,11,5665
2024-09-26,P120,W9,30,30360
2025-04-14,P195,W4,36,23508
2024-10-18,P103,W10,17,14892
2025-10-07,P174,W4,2,1426
2025-04-12,P181,W5,30,73050
2024-04-30,P149,W10,16,39952
2025-07-02,P106,W2,11,25113
2024-04-27,P150,W6,42,38178
2024-11-19,P184,W7,2,1564
2025-05-06,P124,W1,20,24500
2024-01-27,P113,W7,36,43920
2024-05-09,P106,W4,42,73626
2024-03-13,P150,W9,17,34085
2024-12-13,P192,W4,29,71659
2025-03-08,P129,W8,26,19110
2025-05-14,P169,W7,30,22170
2024-01-30,P134,W3,7,6293
2025-08-16,P163,W8,39,85293
2025-05-15,P124,W3,16,17984
2025-01-22,P130,W3,1,864
2024-04-29,P169,W2,38,69654
2025-12-15,P178,W4,25,23600
2024-08-18,P167,W8,25,46125
2025-02-24,P125,W10,30,31050
2025-01-24,P161,W7,12,6684
2025-05-30,P155,W4,40,93000
2024-06-22,P154,W1,41,45879
2024-09-27,P169,W5,45,64935
2024-01-19,P125,W5,21,23772
2025-07-20,P128,W1,8,1080
2025-03-24,P191,W10,13,30810
2024-06-10,P114,W5,25,62000
2024-09-07,P161,W2,42,46914
2025-04-28,P157,W7,10,16390
2025-01-11,P163,W6,23,53314
2024-08-12,P141,W9,24,42888
2024-04-11,P164,W5,1,1238
2025-07-13,P108,W6,48,112224
2025-01-18,P144,W4,16,31232
2024-12-14,P174,W9,13,20111
2024-04-30,P115,W7,28,67536
2024-08-09,P148,W2,1,515
2024-08-15,P151,W1,28,25536
2024-06-24,P134,W8,48,26784
2025-03-15,P139,W7,22,37202
2025-10-29,P128,W2,37,49950
2025-08-08,P161,W8,44,51656
2024-06-17,P123,W4,35,21280
2025-07-13,P108,W6,21,25893
2024-06-14,P120,W2,42,84546
2024-07-26,P154,W8,29,40194
2024-08-22,P111,W1,43,58953
2024-05-03,P144,W9,33,68145
2025-11-03,P111,W2,13,29237
2025-11-17,P123,W3,30,10980
2025-05-03,P123,W5,40,62760
2024-10-28,P123,W3,40,29240
2025-01-13,P186,W9,44,42328
2025-03-26,P169,W9,35,69125
2025-12-24,P114,W5,29,7308
2024-07-04,P107,W5,39,86385
2024-01-23,P117,W6,45,89190
2024-03-28,P118,W3,33,24057
2025-10-19,P194,W4,21,38262
2024-12-17,P179,W6,43,56330
2025-02-26,P155,W1,11,25839
2024-03-22,P130,W2,1,1259
2024-06-30,P103,W7,15,21225
2024-12-26,P170,W1,25,62000
2025-02-19,P152,W10,16,10288
2024-09-22,P172,W4,29,41267
2024-02-26,P192,W1,15,10005
2025-12-19,P158,W9,18,11250
2025-12-13,P181,W2,2,2664
2024-08-07,P112,W7,25,60475
2025-10-31,P138,W10,7,2975
2024-02-22,P195,W4,41,26117
2025-11-06,P120,W3,8,7512
2025-07-30,P171,W1,47,97619
2024-11-28,P187,W9,4,2372
2025-05-30,P142,W5,20,30240
2025-12-08,P127,W7,4,3360
2024-01-07,P103,W8,43,60372
2024-08-22,P138,W3,28,57680
2025-08-10,P135,W7,31,9517
2024-04-25,P174,W5,37,21090
2025-04-16,P141,W5,48,82464
2024-07-10,P162,W5,23,14053
2025-05-02,P182,W6,4,6164
2024-12-02,P101,W1,29,12615
2025-11-11,P122,W7,45,9315
2024-03-14,P120,W2,26,17810
2024-10-12,P172,W10,41,48585
2025-03-09,P128,W1,5,5010
2024-01-03,P173,W9,20,47140
2024-09-18,P110,W10,32,17536
2024-03-09,P151,W5,6,4254
2024-04-06,P195,W10,39,52455
2024-05-11,P100,W8,34,74698
2024-10-11,P183,W5,12,24612
2024-08-17,P178,W5,18,32940
2024-12-26,P163,W8,32,51616
2024-07-29,P103,W5,6,9852
2025-08-28,P195,W1,30,29370
2024-10-16,P140,W10,25,54625
2024-01-01,P198,W6,9,9648
2024-05-03,P167,W8,34,48110
2025-07-11,P153,W8,43,71896
2025-01-11,P164,W2,22,30184
2024-12-23,P149,W10,10,3060
2024-05-01,P180,W10,39,84045
2024-07-05,P179,W4,17,38522
2025-07-25,P115,W5,16,23440
2024-04-17,P121,W5,45,43605
2024-01-01,P147,W4,44,5588
2025-07-02,P172,W6,4,5428
2024-04-02,P137,W4,6,7938
2025-07-03,P124,W5,23,41078
2024-10-09,P172,W7,21,2856
2024-08-18,P106,W8,27,32859
2025-10-31,P187,W5,48,109104
2025-07-27,P182,W8,3,4380
2025-02-07,P174,W1,14,29890
2025-11-25,P142,W3,6,9168
2025-04-26,P114,W8,21,43470
2025-01-09,P198,W5,9,11358
2024-11-11,P155,W6,42,52332
2025-11-04,P200,W3,35,47670
2024-07-01,P140,W5,26,43576
2025-09-02,P110,W7,27,63909
2025-12-05,P174,W4,6,14904
2024-02-14,P167,W8,40,9520
2024-03-07,P179,W1,3,3723
2025-03-25,P132,W8,33,5379
2024-12-22,P126,W5,4,9640
2024-03-07,P111,W3,11,24893
2025-09-08,P102,W2,7,6055
2024-02-21,P184,W3,13,30589
2024-05-27,P115,W2,48,93840
2025-03-22,P170,W2,21,20937
2025-07-20,P184,W2,1,828
2025-01-26,P105,W4,49,16317
2025-12-29,P143,W2,39,69069
2025-12-30,P190,W3,41,55801
2025-09-26,P199,W2,28,45948
2025-02-10,P118,W6,11,17446
2025-12-04,P126,W1,15,7380
2025-09-05,P161,W10,29,3277
2025-07-04,P196,W1,47,18847
2024-05-19,P123,W3,46,31878
2025-11-04,P180,W8,26,44954
2024-11-22,P156,W2,23,10994
2025-08-02,P185,W10,34,22644
2024-02-27,P114,W3,31,58063
2025-05-17,P136,W5,15,30330
2024-08-08,P155,W5,24,8928
2024-10-09,P137,W2,24,8424
2024-02-27,P135,W4,32,9056
2024-11-22,P183,W10,15,9945
2025-07-29,P108,W1,41,12833
2024-10-29,P192,W2,48,114144
2024-01-01,P128,W4,21,46578
2025-11-10,P131,W8,10,4610
2024-03-22,P155,W5,40,67360
2025-03-24,P131,W8,6,12594
2024-06-10,P108,W7,15,28845
2025-03-29,P155,W5,14,15960
2025-11-11,P116,W8,2,3180
2024-07-29,P168,W3,10,24990
2024-07-04,P111,W8,29,56144
2025-04-08,P106,W2,19,7619
2025-09-04,P198,W8,39,33501
2025-12-08,P164,W9,37,4773
2025-08-09,P141,W3,8,9016
2025-08-26,P100,W2,41,50266
2025-02-05,P131,W2,15,25080
2025-07-29,P130,W6,1,278
2024-08-29,P125,W1,40,20640
2024-05-03,P169,W3,42,25830
2024-09-09,P137,W1,9,10701
2024-02-05,P125,W10,4,5996
2025-05-31,P191,W3,6,3708
2025-12-25,P162,W4,4,2960
2024-06-26,P109,W3,19,3401
2025-09-26,P162,W1,29,18357
2025-06-07,P139,W1,38,45562
2024-08-09,P132,W2,30,52230
2024-05-01,P200,W10,10,1250
2024-06-26,P197,W7,41,7749
2024-11-23,P160,W3,43,103415
2024-08-19,P160,W8,32,22496
2024-11-04,P107,W2,21,5145
2024-01-18,P131,W7,33,43989
2025-02-10,P119,W6,13,1612
2024-03-03,P167,W3,40,28120
2024-06-12,P115,W7,16,27872
2025-05-03,P129,W1,48,94944
2025-12-09,P164,W8,35,59185
2025-05-27,P128,W4,26,37310
2025-02-09,P104,W7,2,550
2024-04-29,P115,W10,2,1580
2025-07-24,P107,W10,22,23804
2025-07-24,P143,W10,13,17966
2025-07-26,P134,W10,10,23400
2025-01-13,P131,W4,28,41468
2024-02-15,P166,W1,19,22306
2025-05-23,P184,W2,4,4892
2024-08-10,P144,W10,24,41736
2025-06-01,P117,W4,17,27030
2024-11-24,P197,W5,41,98359
2025-12-06,P154,W7,3,5043
2025-01-12,P188,W6,23,6187
2025-11-20,P199,W9,5,8525
2025-11-24,P153,W2,40,35560
2024-10-13,P106,W6,17,29121
2024-10-30,P141,W4,16,24064
2024-02-16,P196,W8,15,25290
2024-03-10,P131,W2,48,40560
2025-04-21,P130,W10,10,21900
2024-07-13,P156,W7,21,49350
2025-12-29,P148,W3,39,59436
2024-07-19,P194,W7,35,46970
2024-11-05,P132,W10,38,79230
2025-10-18,P102,W2,9,19602
2025-12-11,P129,W6,14,19054
2025-02-02,P172,W5,1,1306
2025-09-22,P168,W10,36,68112
2025-02-12,P130,W9,13,19500
2024-03-21,P183,W6,44,20680
2024-11-08,P102,W2,5,7530
2025-10-26,P131,W2,24,28968
2024-01-25,P118,W6,40,31040
2024-02-12,P198,W1,6,5622
2024-09-06,P157,W2,19,28405
2024-05-05,P121,W3,6,3498
2024-05-23,P154,W10,36,30528
2025-08-14,P134,W10,36,84852
2024-05-11,P149,W4,34,63988
2024-06-02,P175,W10,22,6050
2025-09-28,P181,W4,42,103068
2025-04-19,P113,W10,35,82915
2025-07-25,P195,W8,31,67456
2024-04-11,P119,W2,12,13944
2024-12-21,P167,W10,27,8667
2025-09-20,P110,W8,10,14180
2024-03-22,P113,W6,5,4960
2025-03-22,P135,W2,34,46172
2025-07-24,P178,W8,29,59711
2025-02-16,P148,W5,24,57648
2024-09-22,P128,W2,16,12064
2025-12-27,P193,W4,34,17782
2025-08-12,P182,W10,9,19710
2024-05-01,P142,W9,45,40005
2025-01-26,P166,W1,28,64316
2024-05-08,P178,W6,13,27989
2025-10-04,P179,W1,31,40176
2024-11-04,P188,W10,6,14328
2025-11-12,P146,W5,11,1177
2024-10-27,P126,W10,28,56784
2025-08-23,P136,W5,13,10582
2025-06-16,P105,W8,15,20355
2024-12-27,P122,W10,11,2156
2025-12-08,P122,W7,39,16068
2024-06-23,P130,W3,22,38852
2025-09-14,P120,W4,48,57744
2024-03-03,P122,W3,39,13416
2024-03-27,P127,W8,28,58800
2025-10-29,P120,W2,31,25606
2025-10-27,P141,W7,12,24228
2024-04-15,P152,W10,21,39165
2025-04-25,P200,W7,40,87920
2025-05-18,P153,W2,12,13524
2024-04-26,P177,W1,5,9325
2024-02-19,P134,W2,17,33184
2024-07-11,P195,W4,7,4522
2025-12-06,P120,W1,21,20034
2024-08-23,P124,W4,37,7326
2024-09-14,P118,W10,40,98400
2024-04-27,P157,W1,41,72980
2024-01-11,P124,W7,30,43320
2024-04-09,P177,W6,44,9240
2024-01-30,P143,W5,28,17080
2025-12-21,P179,W7,29,71340
2025-01-10,P166,W3,41,24846
2024-12-21,P129,W1,30,56850
2024-07-30,P117,W2,40,61320
2025-08-12,P157,W8,24,36960
2024-01-31,P108,W6,30,18840
2025-05-14,P126,W8,29,31291
2024-09-06,P122,W2,21,45234
2025-02-07,P102,W9,24,20520
2025-01-16,P116,W9,32,20704
2024-05-16,P177,W7,16,19856
2024-02-18,P100,W2,46,96462
2025-11-20,P166,W1,38,41838
2024-07-10,P184,W1,38,73606
2025-07-20,P127,W4,35,62615
2024-08-06,P172,W9,16,14320
2024-10-09,P107,W9,26,59384
2025-02-16,P137,W7,42,66192
2024-02-17,P114,W10,20,28580
2025-04-19,P199,W10,45,50940
2024-06-18,P127,W6,40,30400
2025-04-15,P167,W2,30,51720
2024-08-28,P128,W3,18,3996
2024-01-20,P125,W6,17,3825
2025-01-14,P170,W5,20,4820
2024-08-28,P182,W6,41,64452
2025-06-29,P132,W4,4,2312
2025-11-24,P148,W2,24,51192
2025-09-17,P189,W1,32,60352
2024-03-18,P170,W8,4,5220
2025-02-17,P152,W7,15,26205
2024-02-26,P106,W5,28,28644
2024-02-17,P163,W2,30,66660
2024-03-25,P149,W1,22,23012
2025-06-15,P120,W10,10,24190
2025-03-08,P158,W5,39,70941
2025-07-13,P132,W2,48,118128
2025-07-29,P124,W6,39,10374
2024-05-10,P140,W3,26,13546
2024-09-11,P127,W2,21,20181
2025-09-14,P111,W8,46,110538
2024-04-28,P139,W3,8,7912
2024-11-16,P116,W7,2,2048
2025-01-01,P169,W6,17,39032
2024-09-09,P143,W8,34,70618
2024-01-31,P109,W1,6,7074
2024-01-23,P158,W5,11,9592
2025-07-18,P111,W5,35,29575
2024-01-17,P167,W1,15,14250
2025-08-14,P145,W9,37,88467
2025-06-15,P113,W6,36,49968
2025-07-17,P115,W1,48,77472
2024-10-28,P141,W6,21,8505
2024-12-01,P169,W7,4,5804
2024-06-27,P180,W3,23,26956
2024-11-24,P141,W5,40,18680
2025-04-02,P108,W5,25,39875
2025-08-23,P179,W6,6,2466
2024-04-09,P127,W8,35,20615
2024-03-24,P187,W5,6,6906
2024-09-16,P163,W10,21,47208
2024-01-14,P112,W8,23,11500
2024-01-21,P110,W6,12,21036
2025-08-03,P182,W10,25,35150
2025-07-31,P171,W5,5,10180
2025-08-03,P180,W6,46,43010
2024-08-22,P147,W10,27,8316
2025-08-19,P148,W5,20,8360
2025-09-08,P125,W10,26,16796
2024-09-20,P191,W2,24,6312
2025-07-18,P125,W10,27,48276
2024-05-18,P160,W7,30,30630
2025-04-07,P100,W3,14,16128
2025-10-15,P100,W7,13,30264
2024-01-11,P199,W10,7,13279
2025-02-18,P189,W5,41,22960
2025-02-11,P155,W5,14,4116
2025-05-19,P189,W3,49,105350
2025-07-30,P195,W3,4,4304
2024-10-22,P185,W2,9,13293
2025-10-31,P115,W2,16,28960
2024-10-14,P162,W10,43,78174
2024-05-20,P177,W8,17,18649
2025-05-05,P178,W4,6,4194
2025-01-03,P195,W6,21,47502
2024-05-28,P106,W7,46,55476
2025-03-19,P157,W7,18,14796
2025-12-21,P197,W6,21,2289
2025-12-17,P110,W2,44,59576
2024-04-10,P145,W7,36,76788
2025-04-06,P173,W7,49,53116
2024-11-20,P166,W9,27,67446
2024-05-14,P181,W2,25,62200
2024-07-23,P183,W4,39,55536
2025-10-03,P145,W9,27,48114
2025-07-26,P125,W5,28,43792
2024-11-30,P174,W10,17,13413
2024-04-16,P155,W10,36,78804
2024-06-14,P115,W1,4,3256
2024-12-21,P200,W1,47,100533
2024-06-10,P195,W4,26,11232
2024-09-04,P194,W8,33,15147
2024-11-09,P102,W7,8,12664
2025-11-30,P159,W10,36,26136
2025-08-02,P127,W1,10,18580
2025-12-27,P147,W4,21,24108
2025-08-15,P144,W3,32,29024
2024-11-13,P169,W9,35,73535
2024-09-19,P146,W7,36,51876
2025-08-20,P152,W4,4,5836
2024-06-16,P178,W9,3,1917
2025-02-09,P143,W8,32,53120
2024-11-13,P131,W5,23,45908
2024-11-14,P104,W5,42,33642
2025-09-22,P190,W1,29,23925
2024-12-25,P190,W10,38,88806
2025-09-05,P165,W4,32,55680
2024-11-02,P113,W5,1,2496
2025-11-18,P102,W10,3,2814
2024-06-26,P138,W1,17,11033
2024-10-09,P149,W5,31,32054
2024-05-13,P110,W3,39,25584
2024-06-18,P162,W2,23,3220
2024-08-12,P169,W5,39,50427
2024-09-04,P130,W8,14,13650
2024-09-11,P174,W2,15,24675
2025-05-09,P183,W7,16,34624
2024-05-04,P140,W5,7,6993
2025-02-28,P167,W1,15,34200
2025-11-21,P195,W3,36,13392
2024-07-21,P175,W2,25,8375
2025-12-12,P111,W7,12,20472
2025-12-18,P197,W1,43,83936
2025-11-09,P119,W8,23,31993
2024-07-16,P141,W1,7,4361
2024-05-09,P101,W8,44,21472
2024-12-21,P165,W6,17,10863
2024-06-10,P127,W4,47,65518
2025-11-04,P200,W1,4,564
2024-09-12,P141,W1,17,19193
2025-04-08,P103,W4,29,6786
2025-02-23,P184,W9,45,57735
2025-09-30,P159,W5,31,26381
2024-04-05,P181,W3,2,3700
2025-08-01,P179,W6,30,35100
2024-09-11,P175,W7,21,41412
2024-11-29,P174,W8,39,63687
2025-06-10,P155,W7,12,25368
2025-10-03,P172,W6,4,4592
2024-03-29,P180,W5,46,5336
2024-03-19,P132,W8,29,38193
2025-03-17,P181,W7,38,45486
2025-05-17,P131,W5,13,15938
2025-04-24,P118,W8,9,1548
2024-05-17,P195,W10,42,82908
2025-10-30,P149,W9,5,740
2025-07-10,P170,W4,17,40273
2024-06-05,P127,W5,27,6210
2024-06-28,P142,W5,37,78884
2025-12-17,P123,W1,30,27150
2024-11-27,P120,W9,11,12617
2025-09-22,P174,W2,38,29488
2025-01-15,P167,W6,2,3290
2025-11-23,P120,W9,27,39285
2024-11-29,P107,W8,44,37620
2025-02-08,P143,W3,13,22984
2025-06-26,P140,W5,8,18104
2024-03-30,P127,W1,11,9273
2025-08-06,P153,W6,21,41664
2025-04-14,P118,W8,45,9135
2025-09-09,P177,W5,9,14670
2025-10-13,P147,W8,21,42042
2025-09-02,P186,W5,14,4550
2024-01-08,P151,W9,38,63726
2025-09-22,P157,W6,15,21240
2024-08-30,P192,W6,9,19782
2025-05-20,P197,W10,42,69678
2024-01-09,P163,W5,22,21076
2024-11-15,P192,W9,47,89394
2024-01-21,P174,W6,7,4452
2025-05-11,P152,W3,48,94800
2024-05-10,P110,W7,4,8600
2025-04-26,P105,W9,1,1790
2024-07-27,P157,W1,26,13026
2025-02-28,P184,W3,24,2616
2024-10-29,P195,W3,4,7512
2025-03-07,P151,W9,16,19408
2025-08-19,P171,W5,14,24976
2025-02-09,P146,W6,37,54057
2025-08-06,P110,W4,31,5921
2025-05-04,P135,W1,48,57120
2025-06-03,P177,W4,16,35936
2024-07-26,P152,W1,49,93688
2025-02-10,P194,W1,48,46992
2024-04-15,P104,W9,35,66710
2024-12-12,P200,W3,37,83546
2025-12-10,P107,W6,24,28296
2024-08-19,P156,W3,32,72064
2025-01-15,P190,W6,1,576
2024-03-10,P150,W2,26,45266
2024-12-24,P183,W1,27,22950
2024-10-12,P108,W8,49,93198
2025-06-16,P113,W2,30,28590
2025-02-16,P119,W3,36,18972
2024-08-15,P178,W10,19,8436
2024-04-28,P139,W3,30,72660
2024-03-14,P156,W1,21,38136
2024-07-09,P167,W1,3,5364
2024-11-24,P116,W7,32,38240
2024-03-06,P197,W9,45,21465
2024-04-06,P149,W3,29,30131
2024-07-25,P141,W6,48,112272
2025-12-11,P188,W2,40,47240
2025-05-07,P147,W5,25,5350
2025-02-04,P160,W7,17,10489
2024-10-26,P124,W7,44,8184
2025-07-25,P108,W7,7,17136
2025-11-20,P199,W9,48,114912
2024-08-08,P186,W3,45,101385
2024-01-13,P135,W8,31,15252
2025-02-02,P170,W2,14,8092
2025-11-15,P177,W1,5,1060
2025-09-22,P135,W7,14,6286
2024-06-21,P155,W9,29,13311
2024-05-31,P154,W1,7,8057
2025-05-03,P110,W3,35,22540
2025-11-03,P149,W10,22,13464
2025-02-04,P170,W5,2,526
2024-06-10,P164,W7,44,33044
2024-09-16,P183,W4,18,28728
2024-02-20,P114,W5,9,20376
2025-06-11,P148,W1,2,4388
2025-03-08,P106,W7,46,34178
2024-11-10,P163,W4,5,12340
2024-09-08,P124,W5,45,62730
2025-08-04,P154,W6,19,10412
2024-08-02,P197,W5,1,1741
2025-11-20,P184,W8,9,12060
2025-12-13,P176,W3,5,10190
2024-02-21,P130,W8,31,18662
2024-01-10,P156,W7,12,20628
2024-09-14,P101,W7,19,35796
2025-11-28,P171,W10,46,69046
2024-12-31,P165,W7,34,20944
2025-01-06,P142,W10,41,80073
2024-03-13,P167,W1,48,97728
2024-07-29,P190,W5,5,1835
2024-04-08,P143,W7,19,6099
2025-12-23,P157,W4,11,25828
2025-09-25,P193,W6,27,34884
2024-10-11,P196,W7,18,31338
2024-09-10,P129,W8,32,35744
2024-01-06,P187,W10,31,26288
2025-09-26,P124,W10,37,81881
2024-02-27,P188,W7,32,35232
2025-04-06,P114,W10,44,80432
2024-07-06,P159,W6,16,13296
2024-11-20,P153,W3,39,42276
2024-11-07,P130,W6,49,29008
2024-04-08,P120,W2,30,33480
2025-04-04,P146,W4,13,7111
2024-07-09,P114,W8,40,36200
2024-08-30,P166,W3,21,33453
2024-03-06,P182,W9,39,57954
2024-06-06,P134,W3,36,12024
2025-11-07,P168,W2,44,27280
2025-12-24,P160,W7,32,3200
2024-07-16,P197,W8,22,18832
2025-10-20,P107,W5,14,7336
2025-11-17,P185,W3,32,34560
2024-04-13,P156,W5,38,83296
2024-10-05,P159,W9,12,7716
2024-05-17,P183,W8,36,58428
2025-06-05,P112,W4,22,53328
2025-08-13,P115,W5,34,3536
2024-07-18,P144,W6,20,39860
2024-11-07,P110,W8,43,16899
2024-12-03,P137,W8,36,41544
2025-08-19,P174,W10,14,7546
2024-11-04,P196,W5,29,33553
2025-03-10,P176,W6,40,33040
2025-06-17,P102,W9,31,35588
2024-11-26,P167,W10,18,40536
2025-02-09,P120,W3,47,37788
2024-09-17,P115,W7,37,55759
2024-06-15,P141,W6,15,25995
2025-07-24,P176,W5,7,2317
2024-06-02,P152,W8,22,25894
2025-08-01,P157,W9,21,15603
2024-10-19,P145,W7,48,26880
2025-08-18,P177,W2,36,55548
2025-08-22,P166,W5,16,26576
2025-05-21,P164,W6,26,17472
2024-08-06,P177,W9,38,58710
2024-05-28,P127,W2,21,21987
2024-10-23,P135,W8,25,50225
2024-07-08,P159,W6,22,46662
2025-06-02,P198,W5,44,18216
2025-09-16,P170,W1,21,4179
2024-10-26,P119,W7,33,27027
2024-03-25,P200,W8,48,74400
2025-10-27,P177,W4,45,71595
2025-12-11,P179,W10,33,38181
2024-05-13,P180,W2,44,85492
2024-07-14,P115,W3,4,8836
2024-08-24,P117,W4,39,48321
2024-02-20,P190,W8,21,46725
2025-07-17,P137,W2,39,43251
2025-05-19,P174,W9,11,13233
2024-08-09,P155,W7,24,9072
2024-04-16,P190,W3,31,14477
2024-07-13,P183,W10,5,5990
2025-03-18,P154,W6,12,13668
2025-06-03,P148,W10,8,10872
2025-06-10,P193,W1,21,38808
2024-12-08,P160,W1,19,46189
2025-06-28,P146,W2,7,16716
2024-06-15,P174,W6,47,32054
2024-04-12,P124,W9,36,72540
2024-12-29,P130,W10,33,25179
2025-03-12,P178,W3,33,73755
2024-11-26,P147,W6,20,17420
2025-07-04,P117,W2,30,17550
2024-03-09,P176,W9,14,10752
2024-10-07,P103,W8,2,3092
2024-03-02,P116,W3,6,7710
2024-05-11,P108,W9,33,33297
2025-08-27,P173,W1,38,49666
2024-08-13,P109,W4,49,117404
2024-02-17,P171,W8,9,20421
2024-12-05,P106,W2,38,9006
2024-10-16,P147,W6,14,10262
2025-07-15,P116,W9,1,1208
2024-10-25,P186,W8,17,21862
2025-12-01,P197,W1,46,85514
2024-05-27,P125,W10,12,25632
2024-07-10,P142,W9,41,4633
2024-02-19,P125,W4,11,19965
2024-05-15,P124,W9,28,66024
2024-05-28,P146,W3,31,57784
2024-01-07,P144,W10,33,8283
2025-05-02,P193,W9,33,36168
2024-07-05,P189,W4,28,37184
2024-04-08,P103,W6,29,36134
2024-02-20,P177,W9,26,16562
2024-08-05,P161,W3,43,67553
2024-04-04,P118,W7,3,4032
2024-08-16,P124,W8,16,16848
2025-01-25,P151,W9,46,49542
2024-11-11,P130,W8,42,83202
2024-02-05,P160,W7,2,2678
2025-04-12,P111,W3,20,19940
2025-04-24,P149,W7,5,7940
2025-03-18,P134,W9,15,36435
2024-09-09,P171,W4,3,3345
2025-02-21,P108,W5,41,43337
2025-03-01,P104,W2,49,6811
2024-02-16,P108,W4,49,80654
2024-04-20,P142,W4,38,46702
2025-08-18,P173,W8,37,23310
2025-04-04,P107,W10,18,3618
2025-03-01,P149,W5,3,4254
2024-04-02,P143,W10,14,3780
2024-08-05,P194,W2,37,39146
2024-04-04,P174,W4,17,28849
2025-09-05,P184,W3,43,55040
2024-04-24,P139,W9,36,79164
2025-03-25,P156,W9,32,40576
2024-07-04,P100,W8,7,1197
2024-10-09,P198,W2,44,96492
2024-04-26,P167,W2,35,58520
2024-09-19,P189,W4,49,102361
2025-05-31,P164,W4,34,40664
2025-11-24,P196,W10,38,7258
2025-09-27,P196,W1,20,5740
2024-09-14,P112,W10,2,4374
2025-03-22,P122,W4,12,9864
2024-01-31,P143,W1,30,33150
2024-05-16,P166,W8,3,2694
2024-03-15,P138,W10,45,65565
2024-08-29,P113,W9,9,5211
2025-03-28,P159,W6,28,8036
2025-12-26,P157,W7,11,4125
2025-04-11,P152,W3,26,59540
2024-07-29,P157,W7,41,40713
2024-07-09,P128,W7,19,20634
2025-09-21,P156,W3,22,24552
2025-07-28,P185,W2,32,43200
2024-01-24,P114,W2,34,77656
2024-11-22,P197,W4,33,74184
2025-01-28,P102,W5,4,1212
2024-04-07,P136,W5,17,23766
2025-01-08,P157,W3,29,58145
2024-11-10,P152,W10,3,6930
2025-10-24,P192,W1,22,7766
2025-10-18,P144,W6,31,16895
2024-11-22,P125,W3,27,40662
2025-09-08,P161,W3,26,44824
2024-07-08,P175,W7,25,59650
2024-09-29,P178,W7,2,226
2025-12-14,P198,W1,48,65568
2025-01-02,P103,W1,20,37240
2025-11-25,P146,W9,23,8717
2025-12-23,P179,W3,17,33983
2025-06-29,P158,W7,32,42432
2024-01-07,P120,W4,13,26533
2024-05-16,P162,W1,1,807
2024-03-25,P133,W8,19,3591
2024-10-26,P124,W5,13,5694
2025-02-02,P164,W1,12,12216
2025-03-16,P148,W4,43,71724
2024-10-15,P131,W8,16,37552
2024-05-21,P183,W9,28,51016
2025-12-27,P109,W8,47,100157
2024-11-27,P173,W7,26,48828
2025-11-29,P184,W2,30,16770
2024-08-18,P179,W8,20,12740
2024-08-23,P177,W5,41,98441
2025-07-14,P198,W1,9,3348
2025-12-03,P142,W4,21,36456
2024-10-13,P150,W6,39,56160
2024-03-06,P141,W5,9,14328
2024-09-23,P153,W6,22,32186
2025-05-06,P114,W2,32,15200
2025-08-13,P176,W9,26,42276
2025-03-27,P123,W9,22,12056
2025-12-30,P120,W5,37,82769
2025-06-01,P141,W8,14,4564
2024-04-06,P163,W3,22,33528
2025-06-20,P141,W8,43,63769
2024-02-03,P157,W1,16,36400
2025-10-25,P165,W3,4,7316
2025-08-09,P131,W7,3,3177
2024-08-12,P151,W10,46,44988
2024-04-25,P183,W9,14,2744
2024-04-21,P173,W6,48,103728
2025-05-18,P151,W9,30,44070
2025-04-11,P135,W9,44,106216
2025-06-18,P166,W6,26,60944
2024-01-16,P147,W9,10,13680
2024-09-30,P175,W10,12,10596
2025-06-05,P175,W2,47,89629
2025-05-13,P126,W4,7,11711
2025-04-11,P155,W1,44,34320
2025-10-13,P188,W9,6,3864
2024-02-23,P178,W9,45,19890
2025-03-23,P106,W8,3,735
2024-02-21,P167,W6,38,61218
2024-01-21,P192,W3,12,21372
2024-02-19,P138,W7,23,38226
2024-10-01,P156,W1,40,7600
2025-01-12,P119,W5,9,14670
2024-01-24,P126,W5,16,29456
2024-08-18,P195,W2,27,37071
2024-06-02,P131,W2,39,59358
2025-12-26,P175,W7,7,6671
2024-12-28,P166,W8,12,12684
2025-10-16,P184,W2,21,42546
2024-08-21,P190,W6,12,26112
2024-08-24,P119,W10,40,36920
2025-01-06,P147,W3,46,22402
2024-07-28,P147,W8,45,39825
2025-07-13,P167,W2,15,37335
2025-06-19,P102,W9,30,43920
2025-05-14,P111,W5,41,38827
2024-08-08,P128,W7,45,80100
2024-01-09,P112,W8,10,23140
2024-03-31,P149,W7,5,8560
2024-12-13,P124,W10,23,16445
2024-10-30,P139,W8,27,62262
2024-07-03,P154,W5,41,31406
2024-04-06,P167,W9,43,6622
2025-02-25,P109,W9,32,61120
2025-01-19,P124,W5,43,63726
2024-02-15,P132,W3,28,31052
2025-01-07,P110,W10,16,20560
2024-05-18,P137,W5,24,25416
2024-11-14,P161,W9,44,37928
2024-11-14,P122,W1,46,72266
2025-09-02,P137,W5,32,23904
2024-04-25,P172,W5,8,15000
2024-03-28,P153,W2,9,18018
2024-07-18,P123,W4,2,4644
2025-09-11,P187,W5,1,1985
2024-10-24,P190,W9,39,73710
2025-11-25,P195,W7,40,35280
2024-05-01,P169,W1,9,18684
2025-09-22,P146,W4,15,27435
2025-05-12,P122,W6,27,32319
2025-10-10,P189,W7,25,43125
2025-12-03,P191,W9,21,27384
2025-03-13,P193,W8,36,47988
2025-07-11,P151,W4,6,8364
2025-07-17,P169,W1,31,75392
2025-02-02,P154,W10,4,2036
2024-10-25,P125,W7,22,9900
2024-10-24,P147,W8,23,23184
2024-10-17,P189,W3,42,104034
2025-11-05,P132,W8,24,50880
2024-06-26,P171,W2,15,5205
2024-04-20,P171,W9,40,58960
2024-07-29,P122,W8,28,26936
2025-09-28,P162,W7,1,629
2025-11-07,P141,W10,45,17640
2024-07-07,P103,W3,16,35904
2024-05-19,P155,W9,17,3111
2025-03-02,P180,W8,13,27911
2024-09-07,P110,W9,10,4330
2024-03-06,P122,W5,48,38256
2024-10-08,P141,W8,48,31152
2024-02-05,P155,W7,45,23310
2024-12-31,P100,W6,18,26910
2024-06-04,P139,W3,49,108486
2024-11-03,P122,W6,13,3952
2024-10-21,P199,W7,25,52425
2025-07-26,P170,W6,12,29736
2025-12-28,P152,W10,24,29904
2025-04-25,P102,W4,33,13134
2025-09-02,P175,W2,38,66614
2025-02-25,P179,W3,32,73344
2024-03-06,P172,W3,7,10528
2024-08-18,P131,W10,19,26999
2025-10-22,P181,W1,47,40655
2024-04-13,P122,W4,41,93644
2025-05-05,P155,W1,29,60146
2024-10-21,P154,W10,47,42911
2024-05-05,P130,W9,49,19502
2025-03-10,P130,W4,46,10074
2025-09-28,P190,W10,8,10648
2024-07-13,P106,W2,32,33504
2025-10-19,P133,W6,14,28196
2024-01-24,P134,W10,38,65664
2025-06-05,P163,W1,42,51534
2024-11-17,P133,W7,21,51807
2024-07-21,P113,W9,13,22867
2024-02-24,P143,W9,41,41533
2024-11-09,P151,W7,38,32452
2025-01-24,P158,W2,2,724
2024-03-18,P149,W2,25,54325
2025-09-18,P155,W9,46,37398
2024-08-11,P116,W2,37,34262
2024-10-17,P112,W2,1,2298
2025-05-26,P183,W5,3,3096
2025-08-04,P118,W1,47,27636
2025-09-16,P112,W7,41,12054
2024-04-16,P159,W8,35,83265
2024-03-07,P102,W3,37,48470
2024-06-18,P145,W10,19,41914
2025-04-24,P132,W3,9,16407
2025-07-17,P189,W3,5,10245
2025-10-28,P164,W2,2,2016
2024-03-19,P154,W5,4,6108
2024-06-19,P138,W1,18,11484
2025-04-29,P199,W7,46,7222
2024-12-04,P200,W4,41,59450
2024-01-14,P196,W9,20,2860
2025-06-05,P109,W2,33,19932
2025-12-29,P141,W10,3,1836
2024-05-20,P141,W2,35,85575
2025-06-11,P122,W2,5,11785
2024-09-22,P166,W6,1,2297
2025-08-19,P200,W3,30,48540
2025-08-26,P104,W4,18,6930
2025-06-28,P198,W2,22,23540
2024-01-28,P149,W1,11,6105
2024-08-02,P104,W7,34,49402
2024-02-25,P129,W9,8,13440
2025-07-13,P192,W3,17,4624
2024-02-26,P189,W7,32,71968
2024-04-24,P145,W8,10,14720
2025-12-23,P114,W1,46,97796
2024-01-19,P158,W8,38,35606
2025-10-07,P131,W10,21,49413
2025-01-20,P162,W10,22,11484
2024-06-02,P115,W7,29,5307
2025-11-18,P134,W3,34,8194
2024-06-29,P200,W4,49,37632
2025-03-12,P116,W1,48,67008
2024-12-26,P148,W8,27,39528
2025-06-26,P121,W7,33,37125
2024-11-14,P135,W3,41,29848
2024-09-01,P172,W6,29,49213
2025-03-04,P135,W2,21,17829
2024-03-19,P140,W2,10,21630
2025-08-16,P144,W8,40,48240
2024-11-30,P190,W8,32,52192
2024-11-19,P128,W7,42,25368
2024-11-26,P181,W7,22,3740
2025-12-11,P104,W2,10,6430
2025-07-13,P148,W9,42,40404
2025-09-13,P156,W4,1,771
2025-08-29,P110,W7,26,64974
2024-01-11,P141,W4,47,7097
2024-11-15,P144,W9,33,64944
2024-03-28,P119,W6,19,4104
2024-11-11,P163,W4,11,12265
2025-03-29,P114,W8,30,55440
2025-08-15,P190,W9,3,852
2025-07-12,P115,W8,49,103194
2025-05-28,P122,W3,47,91368
2024-11-10,P170,W9,33,20163
2024-09-29,P127,W2,24,53160
2024-05-31,P148,W8,7,14168
2025-08-30,P156,W8,6,14352
2025-03-19,P159,W3,20,4460
2025-11-25,P157,W3,46,71024
2025-11-06,P179,W6,6,3750
2025-07-02,P156,W4,40,34000
2025-02-01,P185,W7,28,26012
2024-08-13,P136,W2,11,2365
2025-09-06,P153,W4,22,20548
2025-12-02,P169,W4,17,41446
2024-11-28,P114,W5,25,56050
2025-08-17,P163,W9,33,80685
2024-06-02,P161,W2,20,37400
2024-07-27,P143,W7,26,22152
2024-01-04,P139,W3,29,49329
2025-11-04,P142,W1,49,75901
2024-06-20,P114,W8,39,45747
2024-03-17,P152,W8,12,11424
2025-02-01,P153,W2,47,61100
2025-09-19,P165,W4,7,7707
2024-06-01,P124,W2,18,2250
2025-03-30,P135,W1,49,111622
2024-08-25,P114,W4,40,85760
2025-01-17,P141,W1,31,19158
2025-11-20,P154,W2,13,26013
2025-01-25,P140,W7,11,20845
2025-04-26,P163,W7,41,45100
2025-09-10,P188,W8,21,6153
2025-01-15,P153,W10,39,37401
2024-05-18,P182,W9,28,47292
2024-04-19,P196,W10,15,18090
2025-02-24,P126,W5,15,12420
2025-09-05,P113,W4,16,16368
2025-06-07,P190,W4,22,17182
2024-02-28,P128,W2,40,57160
2024-12-09,P159,W8,5,675
2024-08-27,P148,W1,27,25299
2024-07-28,P163,W2,32,78720
2025-07-01,P117,W10,24,19800
2025-07-03,P194,W1,8,16424
2024-10-05,P117,W8,1,1332
2025-09-03,P198,W8,20,47740
2025-08-26,P176,W1,44,39644
2024-08-19,P127,W5,45,35910
2024-05-13,P146,W3,40,93440
2025-04-19,P176,W10,18,16866
2025-11-17,P136,W3,10,11970
2024-07-05,P175,W1,49,43855
2024-08-13,P186,W1,22,40436
2025-08-31,P113,W3,30,47430
2024-07-10,P198,W1,24,23688
2024-07-09,P191,W4,10,24190
2025-04-26,P113,W4,11,16786
2024-05-06,P147,W4,35,7210
2024-12-08,P194,W8,12,18912
2025-07-01,P114,W7,24,24552
2024-07-18,P190,W7,36,63576
2025-05-01,P115,W4,27,38745
2025-12-19,P130,W4,36,24444
2025-02-13,P161,W8,18,38340
2025-08-28,P151,W5,46,75256
2024-01-31,P200,W10,15,23505
2024-06-15,P200,W5,15,32955
2024-03-03,P102,W9,24,47256
2024-04-25,P113,W8,7,7574
2025-08-30,P197,W2,7,756
2025-07-16,P179,W9,4,2828
2025-02-27,P131,W2,21,7035
2024-10-27,P197,W1,13,7683
2025-11-11,P198,W6,42,103110
2025-09-26,P182,W4,10,23610
2025-02-07,P150,W8,29,13659
2024-07-07,P102,W6,39,41925
2024-10-28,P153,W7,47,91791
2025-09-26,P181,W2,34,27506
2024-03-13,P135,W2,28,36512
2025-04-18,P147,W10,15,15960
2024-11-20,P187,W2,49,87465
2025-08-13,P147,W6,33,44583
2025-08-11,P155,W8,39,80379
2024-02-14,P123,W8,46,114632
2024-01-14,P189,W8,43,14620
2025-09-11,P186,W8,47,67539
2024-09-10,P200,W2,39,30264
2024-05-30,P153,W5,45,108225
2025-06-24,P154,W4,37,89244
2025-11-25,P137,W7,30,48270
2024-03-31,P180,W10,31,19747
2024-08-07,P189,W4,22,2376
2024-10-14,P148,W9,44,104544
2024-09-20,P124,W4,2,1786
2025-05-03,P192,W10,6,7110
2025-05-22,P178,W8,40,76600
2024-01-26,P157,W10,7,13482
2024-01-30,P156,W4,45,71370
2024-06-30,P150,W2,30,23040
2025-03-14,P168,W1,11,2728
2024-06-14,P112,W2,39,89856
2024-04-13,P144,W1,27,43497
2024-07-07,P159,W9,15,26535
2025-06-12,P161,W1,40,59000
2025-09-13,P119,W10,25,42325
2024-10-18,P137,W9,13,30498
2025-06-26,P167,W9,4,9244
2025-10-11,P190,W9,16,29984
2024-03-06,P176,W4,31,18321
2024-12-31,P107,W8,25,58175
2025-03-28,P155,W2,29,22997
2024-11-22,P167,W2,35,39340
2024-04-08,P196,W9,25,34950
2025-04-04,P161,W3,9,1683
2024-05-24,P183,W1,32,18784
2025-05-02,P143,W10,32,76704
2025-07-17,P151,W8,24,30360
2025-07-24,P143,W7,13,14443
2024-08-26,P100,W9,24,14328
2025-01-02,P190,W6,6,14886
2025-02-25,P101,W1,21,2793
2025-06-30,P145,W4,39,60723
2025-11-07,P200,W4,26,48412
2024-01-24,P140,W4,9,22005
2025-06-09,P138,W4,21,44814
2025-01-29,P117,W6,42,17010
2025-10-11,P179,W8,37,50653
2024-02-22,P156,W10,37,53872
2024-07-05,P158,W7,35,7350
2024-02-04,P133,W2,45,97200
2025-07-30,P118,W6,2,4916
2024-01-09,P146,W5,7,980
2024-11-06,P138,W3,30,44490
2024-10-13,P173,W5,21,46200
2024-01-15,P104,W4,25,32250
2024-03-23,P113,W6,41,36449
2025-05-24,P180,W10,30,37350
2025-04-06,P163,W1,43,90300
2024-12-14,P197,W6,47,16779
2024-09-24,P117,W9,40,74120
2024-03-28,P109,W6,41,53423
2025-03-14,P172,W5,45,65070
2025-10-22,P184,W9,25,24875
2025-02-21,P171,W7,44,36784
2025-10-12,P174,W7,7,14560
2025-12-30,P100,W8,20,26420
2024-01-04,P131,W2,8,13104
2025-10-27,P102,W8,28,29456
2024-09-07,P158,W1,14,7476
2024-10-11,P101,W8,31,49073
2025-10-02,P121,W5,36,15120
2025-09-05,P123,W1,32,16608
2024-03-17,P156,W1,17,11645
2025-09-14,P155,W5,2,2118
2025-10-30,P163,W1,35,17955
2024-03-27,P149,W7,3,3054
2024-11-05,P195,W8,27,14472
2024-04-17,P111,W6,8,14696
2025-07-10,P104,W5,48,21984
2025-07-02,P153,W9,47,115526
2024-12-21,P116,W5,29,33437
2024-05-08,P128,W5,5,1750
2024-04-07,P100,W4,29,20706
2024-02-25,P195,W8,1,2107
2024-02-05,P168,W6,26,46098
2024-03-25,P155,W2,5,810
2024-01-17,P101,W4,12,27084
2024-08-11,P130,W1,49,97951
2024-07-06,P165,W1,16,14400
2025-03-30,P135,W10,21,7371
2025-10-14,P192,W8,49,7791
2024-06-17,P165,W5,31,68603
2025-01-06,P188,W3,19,47443
2024-01-14,P160,W6,27,35748
2025-01-17,P196,W2,22,53746
2025-11-14,P164,W4,23,38617
2024-05-17,P199,W1,2,3302
2025-03-25,P179,W8,28,64876
2025-09-23,P106,W5,3,2829
2024-09-21,P135,W2,44,11264
2024-04-26,P179,W9,5,5110
2024-09-29,P154,W6,42,35196
2024-03-25,P131,W7,42,11718
2024-08-22,P200,W8,40,81400
2024-04-14,P200,W8,5,5915
2025-10-12,P119,W1,28,19936
2025-02-08,P142,W2,38,52820
2025-03-04,P118,W10,2,3042
2025-02-19,P185,W8,27,17145
2024-03-08,P198,W1,33,54450
2024-11-10,P112,W10,6,4806
2025-02-14,P136,W8,36,35604
2025-07-26,P123,W3,5,11690
2024-08-19,P131,W10,15,18210
2025-02-23,P130,W10,26,58682
2025-02-05,P187,W8,39,4524
2024-03-06,P143,W3,33,8547
2024-08-13,P139,W6,6,13608
2024-02-27,P163,W5,27,66204
2024-07-20,P125,W9,1,191
2024-09-16,P154,W6,27,37719
2025-10-20,P142,W5,27,45846
2025-09-21,P172,W5,38,23712
2024-03-02,P125,W8,49,12887
2024-12-10,P138,W5,28,30156
2025-05-01,P110,W2,38,31844
2024-04-20,P101,W6,12,2844
2024-03-08,P103,W10,11,23793
2025-03-12,P108,W8,14,21658
2025-04-01,P198,W7,8,2528
2025-08-21,P119,W4,40,65080
2025-06-20,P140,W1,47,18471
2024-09-03,P114,W3,42,58002
2025-11-19,P109,W2,28,54404
2024-02-12,P111,W4,20,28860
2024-06-13,P152,W8,47,80934
2025-01-26,P149,W6,37,55537
2025-08-02,P117,W4,24,26736
2024-03-03,P138,W4,48,117984
2024-08-06,P184,W6,10,11090
2024-05-22,P161,W6,18,3510
2024-02-16,P149,W6,1,1085
2024-11-26,P123,W6,43,50611
2025-08-10,P137,W3,44,4576
2025-01-18,P111,W5,18,31032
2024-10-13,P190,W6,9,2871
2024-04-10,P110,W4,25,43650
2025-06-30,P182,W9,6,9180
2024-03-18,P183,W2,32,39392
2025-11-02,P168,W5,42,31122
2024-10-10,P143,W2,47,65142
2025-07-22,P116,W1,7,952
2024-10-12,P187,W9,20,49060
2025-04-10,P140,W8,40,53200
2025-10-14,P145,W7,33,44616
2025-07-25,P136,W2,34,48824
2024-12-01,P192,W10,7,9639
2024-02-16,P131,W8,14,31024
2024-01-15,P183,W7,45,46035
2024-05-28,P170,W7,8,7184
2024-12-14,P132,W3,30,67950
2025-06-02,P158,W7,29,51852
2024-09-19,P118,W6,18,36342
2024-09-17,P153,W10,33,26532
2024-05-01,P126,W9,47,83660
2024-06-20,P197,W6,16,33360
2024-11-04,P183,W7,37,89022
2024-03-01,P161,W10,42,56280
2025-10-07,P149,W8,40,4680
2025-04-08,P178,W4,31,38440
2025-09-04,P127,W10,37,16798
2024-09-11,P157,W7,21,47754
2024-09-08,P135,W5,40,22960
2025-12-13,P198,W3,40,93560
2024-11-05,P194,W2,49,62181
2024-10-06,P154,W10,20,27140
2024-06-21,P103,W3,12,29064
2025-08-18,P129,W1,13,31824
2025-08-28,P102,W8,15,30060
2025-08-06,P135,W4,4,4416
2024-03-30,P166,W8,46,44850
2024-10-24,P182,W5,36,9792
2024-03-17,P150,W1,21,25284
2025-04-14,P162,W4,31,8184
2024-01-21,P145,W7,3,6849
2024-05-16,P156,W2,32,79904
2025-12-20,P158,W4,15,14640
2024-06-19,P164,W4,45,56025
2024-09-14,P170,W8,30,48870
2025-06-06,P131,W6,17,36159
2025-04-17,P123,W6,2,2246
2025-08-10,P109,W3,38,18088
2024-07-08,P143,W9,21,31857
2024-07-25,P196,W9,3,3936
2024-09-07,P199,W1,7,8295
2025-06-20,P107,W8,32,8256
2024-12-06,P165,W10,7,4529
2024-10-30,P135,W9,20,2520
2024-10-24,P110,W8,7,13475
2025-07-11,P168,W9,43,17888
2024-06-16,P106,W10,22,52250
2024-09-12,P122,W5,18,16200
2025-08-14,P118,W3,45,66645
2025-08-05,P151,W1,29,68092
2024-02-18,P104,W7,26,31330
2025-01-09,P178,W8,39,4797
2024-05-19,P141,W9,4,1304
2025-03-04,P145,W3,39,87438
2024-04-12,P141,W6,44,108680
2025-11-25,P171,W8,42,68670
2025-06-05,P160,W8,40,59000
2024-01-20,P140,W2,33,71742
2024-05-21,P199,W3,16,18480
2025-12-30,P185,W3,42,21420
2024-06-21,P139,W3,18,30186
2025-03-21,P170,W3,42,12936
2024-07-17,P131,W3,3,4539
2024-07-17,P196,W1,25,2775
2024-01-29,P173,W9,33,72534
2025-09-18,P142,W2,46,20056
2024-08-24,P163,W2,33,62667
2024-08-14,P170,W9,25,22175
2024-02-06,P107,W9,42,61446
2025-08-09,P151,W6,12,20100
2025-08-23,P121,W6,3,1185
2024-02-21,P111,W8,11,6193
2025-10-10,P104,W9,19,34504
2024-05-03,P197,W10,27,18279
2025-11-19,P123,W2,31,52886
2025-11-20,P166,W2,32,6560
2025-07-11,P164,W1,21,9849
2024-04-26,P107,W5,5,2650
2025-03-06,P164,W9,31,72261
2024-03-13,P175,W1,2,2956
2024-12-19,P165,W7,44,81488
2025-07-23,P141,W1,30,57540
2025-03-05,P180,W10,17,21981
2025-08-05,P159,W10,38,56620
2025-09-23,P161,W2,19,16511
2025-10-03,P124,W5,16,15152
2024-01-03,P113,W1,21,12768
2024-05-20,P191,W10,5,6430
2025-11-24,P147,W7,10,24560
2024-07-02,P119,W1,11,9713
2024-08-07,P133,W4,44,25124
2024-05-09,P112,W1,45,74295
2025-01-10,P187,W1,42,7308
2024-01-22,P154,W6,17,35649
2025-12-30,P148,W2,36,79128
2024-01-14,P139,W10,48,114864
2025-10-23,P157,W2,46,35420
2024-11-12,P186,W7,28,22036
2024-10-23,P175,W2,15,31785
2025-12-22,P125,W7,46,91218
2024-12-09,P112,W2,35,83790
2025-07-24,P167,W5,42,37254
2024-01-09,P159,W10,6,4356
2024-06-25,P172,W9,29,41760
2024-03-09,P193,W1,46,20608
2024-09-14,P150,W4,47,67915
2025-07-23,P129,W6,24,49896
2025-06-19,P164,W10,30,44940
2024-02-27,P198,W8,22,26356
2024-08-27,P128,W10,39,86580
2025-10-28,P121,W2,24,16848
2025-05-13,P184,W10,41,59286
2025-03-14,P182,W1,29,8816
2025-07-30,P122,W4,34,35870
2025-08-16,P150,W9,16,19776
2025-06-18,P132,W9,29,17342
2024-09-16,P187,W9,30,36840
2024-12-23,P132,W9,35,30695
2025-01-25,P106,W9,27,4779
2024-06-09,P129,W4,39,46215
2025-06-11,P174,W5,14,10584
2025-01-11,P150,W8,27,39906
2024-02-22,P190,W10,44,7304
2025-06-27,P141,W1,24,33480
2024-04-08,P142,W7,36,59904
2025-07-01,P182,W4,1,1676
2024-05-01,P154,W2,28,59192
2024-12-13,P109,W6,48,31104
2024-01-09,P176,W4,21,40215
2024-04-23,P109,W9,24,55944
2025-01-23,P127,W5,45,22995
2024-07-18,P185,W7,31,6541
2025-12-18,P178,W10,29,40745
2025-10-29,P115,W5,32,49056
2024-05-09,P123,W2,14,29050
2024-11-16,P139,W10,7,14448
2024-02-28,P111,W2,26,29978
2025-12-19,P129,W10,13,18681
2025-03-26,P111,W6,11,1562
2024-04-17,P145,W5,8,3048
2025-09-05,P130,W5,26,38454
2024-01-25,P196,W1,4,7668
2024-01-03,P166,W3,11,23661
2024-06-23,P160,W2,11,24541
2024-08-04,P144,W8,6,5436
2024-10-16,P171,W9,34,34646
2024-01-04,P158,W4,5,9515
2025-02-28,P154,W10,30,29700
2024-05-18,P186,W8,9,3537
2024-04-09,P157,W4,15,4335
2025-06-24,P116,W2,1,163
2024-10-10,P142,W9,7,2261
2024-10-08,P146,W1,23,33764
2024-03-06,P155,W8,1,1728
2024-05-03,P123,W9,8,2224
2025-05-27,P108,W10,6,3942
2025-10-28,P106,W8,14,15848
2024-01-13,P162,W7,23,56580
2024-08-04,P160,W9,27,50652
2025-05-21,P105,W3,20,37540
2024-08-07,P181,W10,13,25194
2024-09-03,P198,W4,4,3380
2025-06-24,P158,W6,29,37439
2025-04-16,P116,W3,25,6925
2024-01-26,P140,W8,40,71960
2025-01-19,P154,W4,2,4894
2024-01-15,P192,W6,19,33231
2025-10-04,P147,W3,7,1540
2025-06-02,P122,W4,26,43966
2024-01-10,P186,W10,18,26226
2024-10-10,P189,W10,24,39360
2025-12-23,P169,W6,48,41232
2024-09-25,P149,W4,40,85120
2025-12-20,P193,W8,45,87030
2025-01-30,P135,W2,9,5652
2024-10-09,P177,W3,19,11039
2024-10-12,P197,W6,39,15405
2024-12-24,P184,W9,34,58854
2025-07-23,P189,W6,1,1330
2024-08-01,P196,W4,8,12368
2025-09-07,P158,W1,47,46671
2024-10-15,P177,W1,45,74385
2024-12-16,P112,W8,42,82278
2024-12-12,P119,W4,15,7125
2024-12-18,P109,W5,22,18656
2024-09-18,P141,W6,44,93720
2024-10-22,P179,W1,37,57794
2025-11-27,P139,W6,41,59122
2024-05-04,P170,W2,9,20223
2025-11-05,P193,W1,34,57630
2024-08-02,P150,W5,48,67872
2024-07-06,P197,W5,12,1464
2025-09-20,P138,W3,6,5226
2024-01-20,P101,W1,43,92579
2024-03-08,P199,W6,47,61570
2024-06-11,P106,W9,48,57312
2024-04-24,P123,W4,44,101948
2025-07-03,P113,W9,38,41534
2025-10-10,P154,W7,5,10525
2024-02-14,P153,W2,38,19874
2025-11-30,P153,W1,3,1707
2024-11-12,P113,W4,25,26925
2025-12-20,P138,W7,28,8176
2025-09-22,P128,W1,17,25993
2024-04-20,P102,W1,13,5122
2025-02-27,P130,W1,47,93436
2025-01-25,P158,W3,49,68992
2024-02-10,P156,W8,43,52503
2025-04-29,P136,W5,36,59220
2024-10-04,P170,W6,38,73302
2025-06-16,P132,W10,48,24480
2024-09-25,P167,W3,26,9438
2025-02-25,P122,W4,42,85470
2025-01-18,P109,W1,22,12540
2024-08-24,P124,W3,45,17370
2025-03-30,P189,W5,2,3062
2025-04-29,P189,W8,26,60840
2024-04-02,P103,W4,22,50688
2025-05-13,P147,W5,22,19756
2024-10-01,P110,W7,17,6766
2024-06-24,P152,W5,21,37044
2024-01-28,P181,W6,1,488
2024-02-02,P175,W3,34,57868
2024-08-07,P158,W5,7,4403
2024-05-12,P120,W9,16,31072
2024-04-24,P187,W2,38,74480
2025-08-29,P126,W7,45,40050
2025-03-06,P157,W5,25,42825
2024-06-30,P154,W7,14,29750
2024-02-05,P182,W4,34,75582
2024-08-03,P130,W3,6,11880
2025-10-08,P119,W2,38,29982
2025-08-28,P128,W2,14,25158
2024-04-26,P182,W10,1,382
2024-10-29,P155,W1,13,31746
2024-08-03,P196,W2,32,55008
2024-12-21,P176,W7,5,9325
2025-09-24,P197,W3,25,60250
2025-06-20,P134,W5,42,4200
2025-11-22,P168,W8,2,2512
2025-10-15,P178,W8,13,17667
2025-01-20,P161,W8,5,6165
2024-05-21,P127,W1,43,61748
2024-01-30,P145,W3,49,34251
2025-12-14,P147,W6,25,33700
2025-04-22,P153,W7,49,28420
2025-04-03,P123,W2,18,8766
2024-04-25,P176,W4,31,26443
2025-06-26,P101,W6,29,31436
2024-12-28,P100,W9,48,23712
2025-12-12,P100,W3,42,28014
2025-02-25,P139,W1,18,7884
2025-10-13,P121,W4,46,23322
2025-05-29,P126,W5,49,42973
2024-08-12,P143,W3,8,17416
2025-01-03,P121,W3,36,68976
2025-01-23,P150,W4,47,52311
2024-12-03,P163,W4,28,53032
2024-10-03,P172,W3,41,34932
2025-08-24,P166,W9,12,9948
2025-01-10,P146,W4,42,32592
2025-07-15,P153,W2,34,84014
2024-06-10,P101,W8,15,17670
2025-06-10,P184,W8,9,1134
2024-08-09,P141,W6,7,896
2025-07-07,P127,W5,30,33630
2024-02-14,P144,W8,35,51275
2024-05-06,P126,W4,15,21855
2024-12-17,P123,W4,32,48704
2025-11-24,P151,W5,41,74292
2025-01-16,P107,W6,33,36993
2024-02-18,P126,W8,31,41199
2024-12-06,P157,W3,6,4254
2024-05-12,P109,W3,5,4130
2025-06-09,P174,W1,37,11618
2024-08-03,P112,W5,21,7308
2024-09-11,P125,W2,39,85059
2024-09-30,P170,W6,36,63684
2024-03-02,P185,W10,26,61438
2024-11-02,P110,W5,8,11712
2024-04-17,P127,W2,44,49016
2024-09-25,P127,W10,28,49644
2024-09-03,P131,W4,44,69784
2025-05-10,P198,W3,6,11496
2024-08-10,P138,W3,22,50094
2025-01-13,P177,W10,8,18384
2025-02-08,P127,W10,33,35475
2024-09-27,P114,W3,5,6500
2025-01-19,P126,W8,4,9608
2025-08-24,P181,W6,22,10164
2024-07-23,P190,W3,10,3740
2025-06-25,P102,W6,36,14076
2024-01-01,P157,W2,47,14993
2025-04-09,P196,W4,11,13684
2024-05-19,P188,W9,10,23840
2024-04-23,P179,W10,5,12030
2024-03-17,P105,W9,44,77484
2024-09-18,P187,W7,33,78309
2025-03-28,P182,W3,35,49280
2025-12-21,P148,W4,14,5138
2024-10-05,P160,W10,4,2668
2024-12-26,P173,W6,39,73086
2024-05-16,P159,W8,5,3630
2025-09-19,P197,W3,11,13497
2024-02-19,P185,W6,47,25333
2025-10-03,P125,W3,24,11496
2025-06-24,P172,W6,31,52948
2024-09-26,P130,W1,34,26622
2025-11-24,P119,W4,17,4607
2025-04-10,P173,W5,14,32326
2024-03-13,P124,W1,5,6485
2025-11-27,P200,W9,37,11174
2024-10-12,P163,W9,40,87320
2025-02-01,P175,W2,26,44876
2025-05-10,P137,W2,28,6580
2025-08-02,P167,W10,32,70656
2024-07-08,P177,W5,30,65400
2024-01-11,P164,W2,16,17680
2025-05-21,P134,W7,8,15104
2025-10-18,P111,W5,7,9100
2025-06-30,P164,W8,5,6360
2025-10-19,P179,W5,46,42412
2024-10-20,P113,W1,40,12160
2024-02-01,P192,W4,48,46464
2024-06-26,P167,W3,43,52503
2024-09-08,P139,W5,34,16626
2025-12-17,P200,W6,4,6400
2024-01-26,P178,W10,12,7212
2024-06-25,P114,W7,35,50435
2025-06-07,P116,W6,8,9528
2024-02-22,P135,W4,8,19408
2025-07-21,P156,W2,43,15738
2025-10-27,P137,W6,9,7182
2024-04-17,P136,W5,48,68400
2024-02-14,P144,W3,16,39712
2024-04-15,P191,W10,41,96801
2025-10-15,P132,W3,35,38185
2025-02-27,P162,W10,37,64121
2025-03-23,P124,W1,7,12621
2024-03-21,P169,W7,31,10726
2025-11-06,P166,W9,47,47564
2024-11-30,P199,W3,15,31470
2025-12-02,P153,W9,1,933
2024-01-20,P132,W8,14,29344
2024-06-21,P186,W3,24,29280
2024-01-24,P113,W1,2,3532
2024-10-16,P186,W2,39,76752
2025-09-08,P190,W1,17,17289
2025-02-17,P104,W5,7,14609
2024-02-01,P151,W7,46,4922
2024-03-28,P111,W7,23,41998
2025-05-18,P179,W8,18,18648
2025-01-30,P154,W3,9,20106
2024-08-11,P193,W4,49,24255
2025-07-26,P106,W1,24,22656
2024-09-17,P170,W4,15,29985
2025-06-06,P127,W3,18,8838
2024-07-12,P154,W5,17,21607
2025-01-22,P197,W7,22,40744
2025-02-17,P187,W8,35,42175
2025-06-09,P145,W1,46,8924
2024-09-23,P127,W4,47,83519
2025-08-08,P196,W4,31,6913
2024-08-05,P176,W8,16,20128
2025-01-10,P150,W1,17,17527
2024-06-09,P182,W8,17,34034
2025-11-17,P179,W5,31,77407
2025-06-06,P152,W9,6,852
2025-11-07,P194,W9,45,32985
2025-03-22,P158,W2,13,26312
2025-03-03,P125,W6,12,23976
2024-09-13,P111,W3,1,369
2025-03-17,P148,W2,13,23387
2025-06-14,P176,W9,39,26598
2025-04-25,P126,W7,40,59760
2024-02-13,P197,W6,16,27168
2025-07-04,P188,W4,18,3348
2024-11-19,P147,W9,21,8568
2025-12-07,P141,W1,6,8046
2025-04-05,P174,W2,49,67816
2024-05-08,P160,W5,39,23283
2025-05-16,P116,W2,42,53046
2025-05-07,P153,W10,34,28186
2025-04-17,P125,W4,24,3264
2024-12-15,P174,W10,48,57168
2025-09-28,P148,W9,21,24255
2025-07-08,P194,W1,11,11154
2025-11-09,P105,W5,11,8800
2025-08-06,P197,W7,18,42930
2024-09-14,P153,W3,11,23562
2024-04-29,P110,W8,21,35847
2024-07-29,P165,W4,15,11655
2024-09-24,P137,W8,28,62160
2025-07-02,P117,W8,32,24608
2024-03-24,P145,W5,47,108946
2025-06-29,P123,W9,23,49105
2024-01-22,P158,W8,34,48246
2025-06-27,P136,W5,25,37450
2025-07-17,P101,W7,21,18732
2025-06-20,P140,W1,42,44016
2025-08-20,P102,W8,47,22325
2025-08-09,P198,W5,44,12804
2025-12-01,P113,W9,11,2299
2025-12-08,P107,W8,45,102690
2024-12-08,P157,W2,16,28384
2024-10-22,P199,W2,12,10752
2024-06-27,P160,W4,43,48160
2024-10-07,P136,W9,12,8568
2024-09-19,P148,W10,25,29175
2025-02-25,P173,W8,16,36128
2025-10-27,P142,W2,31,61628
2024-05-07,P116,W1,33,8448
2025-05-02,P195,W6,7,2387
2025-04-15,P100,W7,22,2838
2025-09-16,P151,W3,38,12540
2025-03-04,P197,W1,23,13271
2025-01-08,P184,W6,19,19608
2024-05-31,P110,W7,22,24200
2025-02-06,P122,W9,20,5660
2025-01-17,P191,W2,49,73941
2024-09-20,P120,W9,24,52488
2024-03-18,P198,W7,31,17887
2025-02-11,P154,W2,37,56684
2025-12-22,P139,W4,41,73923
2025-04-10,P135,W1,2,4478
2025-10-09,P179,W3,14,21784
2025-07-05,P107,W8,9,15336
2025-04-10,P181,W8,43,81313
2024-01-12,P189,W4,5,6230
2024-02-11,P169,W7,26,50544
2025-02-23,P141,W10,33,31185
2024-07-28,P123,W4,13,6331
2025-01-28,P173,W5,10,3310
2024-06-02,P158,W1,7,1631
2025-04-08,P173,W4,14,13510
2025-01-19,P164,W8,20,5820
2025-07-04,P109,W3,2,4920
2024-06-21,P152,W5,49,78645
2024-08-12,P187,W10,33,17787
2025-09-16,P190,W4,47,44509
2024-12-10,P126,W10,40,80080
2025-01-25,P176,W7,4,7788
2025-05-29,P131,W1,38,46056
2024-11-12,P193,W7,16,36896
2024-06-08,P122,W5,30,17460
2025-03-09,P144,W8,11,14795
2024-09-08,P137,W2,18,5796
2024-09-11,P132,W4,9,2412
2024-07-01,P127,W4,2,1932
2025-10-08,P149,W6,1,691
2025-03-13,P156,W7,21,27237
2024-12-17,P197,W2,11,10197
2024-01-28,P176,W10,6,7386
2024-08-23,P143,W7,15,31680
2024-05-19,P103,W4,12,2340
2025-12-25,P128,W4,13,28496
2025-01-17,P193,W7,19,19969
2024-11-25,P188,W10,5,9615
2025-10-31,P130,W1,45,54045
2025-12-18,P116,W6,37,91057
2024-02-15,P158,W5,30,8670
2025-04-10,P102,W1,13,11804
2024-06-29,P106,W10,2,2330
2024-01-01,P114,W3,5,6100
2025-09-18,P167,W7,25,9525
2025-05-17,P116,W9,11,22385
2025-03-28,P140,W3,15,4875
2025-12-17,P127,W7,2,4758
2025-02-26,P157,W3,17,4267
2024-01-11,P133,W3,37,72372
2024-06-14,P182,W5,3,7059
2024-07-09,P152,W4,36,25596
2024-01-17,P118,W5,45,16020
2025-04-04,P118,W1,39,56238
2024-02-08,P138,W7,11,1133
2025-06-03,P178,W7,2,2046
2025-08-23,P122,W10,36,33408
2024-07-01,P106,W9,31,45973
2025-04-29,P145,W7,43,50955
2025-02-01,P143,W7,44,102080
2024-12-31,P196,W8,33,44550
2024-06-03,P187,W7,11,5742
2025-09-07,P151,W4,15,26445
2024-11-26,P167,W4,6,3612
2024-09-05,P173,W9,23,10373
2024-08-01,P193,W6,33,62832
2025-07-31,P151,W5,11,14652
2025-08-28,P138,W5,31,20398
2024-04-26,P161,W8,4,4340
2024-09-01,P107,W8,21,31374
2025-12-06,P178,W9,9,5094
2024-03-30,P141,W7,19,26790
2024-07-29,P192,W6,1,1080
2024-03-24,P100,W10,42,72576
2024-11-09,P148,W8,9,4932
2025-09-23,P184,W9,1,2058
2024-11-17,P194,W10,35,64855
2025-06-24,P130,W10,19,7961
2024-05-18,P134,W10,30,16890
2024-11-24,P112,W9,47,96209
2025-03-04,P161,W6,33,38775
2024-04-24,P128,W4,40,15200
2025-02-06,P192,W3,42,69090
2024-01-19,P116,W1,15,31590
2025-05-02,P159,W4,25,54500
2024-10-20,P171,W9,17,3553
2024-04-01,P177,W2,33,68706
2024-01-02,P151,W8,1,1752
2025-04-10,P141,W10,49,61054
2024-02-05,P144,W9,31,37696
2025-06-10,P117,W4,49,20580
2024-06-10,P140,W1,36,7056
2025-06-06,P155,W4,7,3374
2024-04-07,P112,W7,15,12045
2024-02-20,P134,W6,6,10662
2024-02-20,P108,W1,21,14553
2025-03-11,P166,W8,34,76636
2024-04-20,P147,W2,46,14122
2024-03-08,P170,W3,33,21318
2024-09-25,P176,W3,14,13874
2025-08-12,P182,W8,48,92112
2024-02-11,P116,W1,35,60095
2025-06-10,P146,W8,25,10100
2024-08-25,P193,W2,8,10752
2025-12-13,P117,W10,27,39474
2024-10-29,P120,W4,48,45216
2025-10-09,P105,W4,25,24725
2025-05-03,P171,W5,20,36240
2025-08-18,P141,W2,28,42056
2024-09-08,P185,W5,39,17901
2025-02-27,P117,W2,41,82287
2025-08-06,P118,W2,21,35763
2025-10-15,P192,W4,40,48240
2024-04-29,P113,W8,5,655
2024-10-19,P186,W6,9,3762
2025-08-24,P176,W3,15,16890
2025-01-17,P200,W8,5,10910
2025-12-28,P124,W8,12,11196
2025-11-13,P187,W1,21,42252
2024-06-15,P143,W10,31,44082
2025-07-19,P154,W4,18,23886
2024-06-13,P174,W2,21,42273
2025-09-29,P200,W7,44,101684
2024-11-12,P103,W1,48,15648
2024-03-25,P120,W5,30,33030
2025-05-15,P199,W2,11,6798
2025-12-28,P146,W8,45,94815
2025-06-14,P147,W10,14,7140
2025-01-10,P162,W1,39,33033
2025-07-29,P195,W4,40,44120
2024-06-28,P102,W2,7,6650
2025-04-25,P161,W9,34,56712
2025-04-14,P136,W7,40,96400
2024-10-26,P150,W2,45,73800
2024-07-19,P123,W8,15,34170
2025-09-07,P189,W3,18,41256
2025-08-26,P160,W2,12,2652
2024-07-29,P140,W1,34,52564
2025-11-30,P173,W2,36,42084
2025-10-11,P182,W1,35,73220
2025-08-27,P101,W5,1,1309
2025-02-05,P152,W9,30,4710
2024-07-18,P104,W6,26,6708
2025-06-03,P164,W6,1,1212
2025-07-08,P155,W9,46,40204
2025-04-17,P195,W5,36,28116
2025-01-21,P190,W4,29,65917
2025-11-26,P191,W1,37,87653
2025-06-13,P107,W6,25,5050
2024-06-25,P198,W10,17,33014
2025-10-21,P180,W7,34,12342
2024-10-17,P105,W8,9,14346
2024-11-07,P144,W4,10,12600
2024-07-29,P168,W5,34,82008
2024-08-07,P172,W4,35,45185
2024-07-19,P176,W1,30,66000
2025-02-13,P123,W9,43,93310
2024-11-19,P170,W4,14,27286
2025-01-20,P166,W1,11,22143
2024-11-20,P151,W8,28,65548
2025-02-25,P135,W2,12,13020
2025-11-04,P159,W5,8,7144
2025-11-03,P132,W4,18,38340
2025-09-05,P184,W5,37,11322
2025-11-13,P168,W8,18,33768
2025-07-28,P200,W3,46,102488
2024-07-03,P121,W3,38,86678
2024-01-29,P158,W9,13,18720
2025-11-30,P124,W6,48,62304
2025-05-04,P183,W10,47,18424
2024-09-01,P178,W1,45,39150
2025-06-23,P128,W5,10,6840
2025-07-15,P154,W7,22,31372
2025-08-26,P130,W3,12,22224
2024-12-15,P111,W6,40,29480
2025-12-24,P110,W1,34,21420
2025-06-02,P120,W4,28,30800
2024-08-27,P132,W1,44,104192
2024-07-20,P169,W8,16,23328
2025-02-15,P133,W6,40,62760
2024-01-18,P112,W9,26,62530
2024-05-30,P193,W1,30,74550
2024-03-16,P141,W4,39,96837
2024-06-13,P109,W2,43,100448
2024-12-05,P111,W1,26,47502
2025-08-23,P183,W7,7,5096
2024-09-13,P161,W3,6,5382
2025-11-01,P112,W5,26,8658
2024-10-27,P182,W7,13,16718
2024-03-05,P141,W5,15,22755
2024-12-23,P121,W4,42,68754
2025-07-16,P116,W10,46,95818
2024-04-30,P165,W7,44,51568
2024-10-27,P196,W9,12,24720
2025-09-04,P181,W10,31,38564
2025-04-28,P135,W5,48,96192
2024-05-30,P198,W5,39,16185
2024-11-18,P131,W9,49,19208
2024-08-16,P145,W3,31,68386
2024-09-30,P139,W2,13,18772
2025-10-28,P131,W8,8,19680
2024-06-02,P166,W2,4,4372
2025-09-20,P143,W8,35,73150
2025-01-08,P169,W4,41,92865
2025-10-02,P103,W8,40,32360
2024-03-17,P140,W6,8,17192
2025-01-08,P181,W4,3,1584
2024-05-28,P179,W4,14,22288
2025-10-24,P137,W5,28,40320
2024-01-16,P175,W3,16,38352
2025-01-14,P167,W1,49,14700
2025-02-19,P126,W2,46,93334
2025-10-03,P175,W9,35,41370
2024-03-03,P130,W7,36,8424
2024-10-24,P120,W1,7,5768
2024-07-04,P130,W2,15,33420
2025-05-11,P106,W4,28,45136
2024-04-28,P160,W3,46,21022
2025-10-17,P154,W10,48,12960
2024-08-02,P184,W9,4,1220
2024-01-16,P110,W2,3,3000
2025-07-31,P109,W4,28,27188
2024-09-29,P103,W4,7,11445
2025-12-08,P130,W2,10,5170
2024-06-05,P115,W10,15,29160
2024-07-07,P125,W6,20,31880
2025-12-24,P123,W5,22,23716
2025-08-01,P178,W5,47,108805
2025-01-14,P112,W9,48,63120
2024-09-14,P173,W1,14,7126
2025-06-27,P179,W4,38,61104
2025-02-07,P112,W5,3,4812
2024-04-14,P104,W9,1,1926
2024-05-29,P170,W8,36,39276
2024-10-22,P170,W1,39,28860
2024-09-28,P167,W8,23,44850
2025-04-06,P147,W6,29,40629
2024-12-19,P148,W4,27,4104
2025-08-28,P179,W6,48,104832
2025-08-30,P126,W10,5,7080
2024-01-07,P153,W9,13,3926
2025-03-01,P139,W10,38,82878
2024-01-24,P109,W10,19,23465
2024-06-01,P126,W6,27,46629
2024-10-03,P153,W7,13,23491
2024-06-22,P108,W2,11,26730
2024-11-26,P145,W10,14,10290
2025-01-14,P180,W9,30,9180
2024-06-21,P148,W2,47,85399
2024-02-15,P153,W6,32,41696
2024-12-12,P118,W9,30,10590
2024-05-02,P101,W2,16,34896
2024-04-15,P129,W3,27,54810
2025-03-01,P182,W4,33,3432
2024-03-10,P183,W7,2,2282
2024-09-13,P117,W7,22,41206
2025-06-02,P179,W2,42,73080
